시간,규모,진앙,위도,경도,위치
2013-01-025:53:00AM,2.5,,33.37,127.27,제주서귀포시성산동쪽36km해역
2013-01-151:31:00PM,2.8,16,36.59,129.73,경북영덕군동북동쪽38km해역
2013-01-268:57:00AM,2.4,21,36.11,127.73,충북영동군남서쪽9km지역
2013-02-045:39:00AM,3.1,,36.55,128.9,경북안동시동쪽15km지역
2013-02-059:25:00PM,3.5,11,35.77,127.97,경남거창군북북동쪽11km지역
2013-02-0710:07:00PM,2.2,17,35.76,129.13,경북경주시남서쪽12km지역
2013-04-101:07:00PM,2.2,13,36.5,127.44,충북청원군남남서쪽16km지역
2013-04-144:16:00PM,2.3,18,38.2,129.29,강원양양군동북동쪽60km해역
2013-04-179:33:00PM,2.3,17,36.56,129.61,경북영덕군북동쪽27km해역
2013-04-1911:46:00PM,2.2,18,36.55,129.6,경북영덕군북동쪽26km해역
2013-04-218:21:00AM,4.9,5,35.16,124.56,전남신안군흑산면북서쪽101km해역
2013-04-216:21:00PM,2.7,4,35.14,124.49,전남신안군흑산면서북서쪽105km해역
2013-04-283:39:00AM,2.7,16,33.65,127.29,전남여수시거문도남쪽42km해역
2013-04-305:26:00AM,2.5,18,36.47,129.61,경북영덕군동북동쪽23km해역
2013-04-3010:58:00AM,2,15,36.46,129.63,경북영덕군동북동쪽24km해역
2013-05-148:17:00PM,2.8,6,37.7,124.79,인천백령도남남동쪽30km해역
2013-05-158:34:00AM,2.7,11,37.71,124.68,인천백령도남쪽27km해역
2013-05-158:48:00AM,2.8,,37.69,124.74,인천백령도남쪽30km해역
2013-05-183:00:00AM,3.5,12,37.68,124.6,인천백령도남남동쪽31km해역
2013-05-187:02:00AM,4.9,11,37.68,124.63,인천백령도남쪽31km해역
2013-05-187:24:00AM,2.2,6,37.69,124.65,인천백령도남쪽29km해역
2013-05-187:26:00AM,3.3,9,37.67,124.66,인천백령도남쪽31km해역
2013-05-187:54:00AM,2.5,6,37.69,124.65,인천백령도남쪽29km해역
2013-05-189:13:00AM,2.4,7,37.67,124.62,인천백령도남쪽32km해역
2013-05-189:32:00AM,2.5,8,37.64,124.57,인천백령도남남서쪽36km해역
2013-05-1811:45:00AM,3.9,11,37.67,124.61,인천백령도남쪽32km해역
2013-05-182:09:00PM,2.6,13,37.71,124.68,인천백령도남쪽27km해역
2013-05-184:18:00PM,2.1,9,37.69,124.61,인천백령도남남서쪽30km해역
2013-05-195:27:00AM,2.3,0,37.73,124.74,인천백령도남남동쪽25km해역
2013-05-214:17:00PM,3.7,6,37.66,124.71,인천백령도남쪽33km해역
2013-05-2211:25:00PM,2.1,0,38.75,128.81,강원고성군북동쪽51km해역
2013-06-0512:34:00PM,2.6,22,36.23,126.18,충남보령시서남서쪽41km해역
2013-06-085:56:00AM,3.2,17,35.14,126.96,광주동구동쪽3km지역
2013-06-102:01:00PM,2.1,13,37.71,124.7,인천백령도남쪽27km해역
2013-06-167:47:00PM,2.1,16,36.19,126.15,충남보령시서남서쪽45km해역
2013-06-1610:12:00PM,2.5,15,36.2,126.16,충남보령시서남서쪽43km해역
2013-06-178:31:00PM,2.4,23,36.2,126.17,충남보령시서남서쪽43km해역
2013-06-182:31:00AM,2.3,22,36.21,126.18,충남보령시서남서쪽41km해역
2013-06-191:52:00AM,2.3,18,36.19,126.16,충남보령시서남서쪽43km해역
2013-06-194:02:00PM,2.6,18,36.19,126.16,충남보령시서남서쪽44km해역
2013-06-2012:35:00PM,2.4,0,39.23,125.95,북한평안남도평성동쪽8km지역
2013-06-214:29:00PM,2.2,15,36.19,126.14,충남보령시서남서쪽45km해역
2013-06-219:55:00PM,2.4,22,36.2,126.19,충남보령시서남서쪽41km해역
2013-06-223:51:00AM,2.5,21,36.2,126.17,충남보령시서남서쪽43km해역
2013-06-2210:37:00AM,2.8,17,36.19,126.16,충남보령시서남서쪽44km해역
2013-06-2211:18:00AM,2.3,0,36.2,126.17,충남보령시서남서쪽43km해역
2013-06-245:28:00AM,2.3,0,36.2,126.17,충남보령시서남서쪽43km해역
2013-06-246:26:00PM,2.1,23,38.04,129.75,강원동해시북동쪽80km해역
2013-06-277:33:00PM,2.5,0,36.2,126.14,충남보령시서남서쪽45km해역
2013-06-291:32:00PM,2.3,16,36.2,126.17,충남보령시서남서쪽43km해역
2013-07-0111:24:00AM,3,9,38.78,126.36,북한황해북도신계북북서쪽35km지역
2013-07-132:02:00AM,3.5,24,36.2,126.18,충남보령시서남서쪽42km해역
2013-07-151:39:00AM,2.4,0,33.03,125.68,제주제주시고산서남서쪽68km해역
2013-07-157:44:00PM,2.5,20,36.2,126.15,충남보령시서남서쪽44km해역
2013-07-234:03:00PM,2.7,19,36.19,126.16,충남보령시서남서쪽44km해역
2013-07-2611:23:00AM,2.2,18,36.19,126.14,충남보령시서남서쪽45km해역
2013-07-289:10:00AM,2.8,11,36.2,126.14,충남보령시서남서쪽45km해역
2013-07-2910:29:00AM,2.7,8,36.2,126.13,충남보령시서남서쪽46km해역
2013-07-302:57:00PM,2.7,22,36.21,126.14,충남보령시서남서쪽45km해역
2013-07-318:05:00PM,2.2,16,36.21,126.17,충남보령시서남서쪽42km해역
2013-07-318:27:00PM,2.2,18,36.2,126.17,충남보령시서남서쪽43km해역
2013-07-3110:30:00PM,3.2,23,36.21,126.18,충남보령시서남서쪽41km해역
2013-08-0112:57:00AM,2.8,25,36.23,126.22,충남보령시서남서쪽37km해역
2013-08-015:22:00PM,3.1,21,36.19,126.17,충남보령시서남서쪽43km해역
2013-08-047:58:00PM,2.3,19,36.2,126.16,충남보령시서남서쪽43km해역
2013-08-079:08:00PM,2,0,36.19,126.08,충남보령시서남서쪽51km해역
2013-08-1012:43:00PM,2.6,11,35.9,129.75,경북포항시남구동남동쪽37km해역
2013-08-114:19:00AM,2.3,0,38.48,126.13,북한황해북도평산북서쪽28km지역
2013-08-124:33:00AM,3.1,22,35.66,129.75,울산동구동북동쪽35km해역
2013-08-124:39:00AM,2.3,16,35.66,129.77,울산동구동북동쪽36km해역
2013-08-1312:01:00AM,2.1,16,36.92,129.44,경북울진군남남동쪽8km해역
2013-08-1312:36:00AM,3,14,36.91,129.44,경북울진군남남동쪽10km해역
2013-08-298:35:00AM,2.5,24,38.19,129.3,강원강릉시북동쪽60km해역
2013-09-111:00:00PM,4,14,33.56,125.39,전남신안군가거도남남동쪽60km해역
2013-09-145:33:00PM,2.2,21,36.2,126.16,충남보령시서남서쪽43km해역
2013-09-151:16:00PM,2.3,16,36.55,129.23,경북영양군남동쪽16km지역
2013-10-101:08:00PM,2.6,8,35.36,128.23,경남의령군북서쪽5km지역
2013-10-114:06:00PM,3.6,16,36.46,129.61,경북영덕군동북동쪽22km해역
2013-10-1912:16:00AM,2,8,35.96,128.06,경북김천시남쪽20km지역
2013-10-266:47:00AM,2.7,8,37.96,124.61,인천백령도서쪽6km해역
2013-11-087:14:00PM,2.6,21,36.23,126.36,충남보령시서남서쪽25km해역
2013-11-089:02:00PM,3,18,36.24,126.36,충남보령시서남서쪽25km해역
2013-11-104:28:00PM,2,3,37.66,124.67,인천백령도남쪽33km해역
2013-11-1610:32:00PM,2.1,5,38.51,125.66,북한황해북도사리원서쪽9km지역
2013-11-209:07:00PM,2.1,10,38.47,126.17,북한황해북도평산북서쪽25km지역
2013-11-2211:29:00PM,2.1,10,36.99,126.4,충남서산시북북서쪽24km지역
2013-11-262:26:00AM,2.1,12,37.12,128.11,충북제천시서남서쪽10km지역
2013-12-028:02:00PM,2.8,8,38.56,126.1,북한황해북도사리원동북동쪽30km지역
2013-12-039:00:00PM,2.5,13,35.64,128.72,경북청도군서남서쪽2km지역
2013-12-046:28:00AM,2.4,0,38.71,125.69,북한황해북도송림동남동쪽6km지역
2013-12-084:38:00PM,2.8,0,33.44,125.09,제주제주시고산서쪽101km해역
2013-12-1311:40:00AM,2.5,11,36.1,129.04,경북영천시북북동쪽17km지역
2013-12-1912:38:00PM,2.9,0,38.11,127.11,경기연천군동북동쪽3km지역
2014-01-296:08:00AM,2.2,11,36.23,128.8,경북의성군남동쪽16km지역
2014-02-0511:06:00PM,2.8,7,38.26,124.4,북한황해남도용연군장산곶서북서쪽29km해역
2014-02-219:17:00PM,2.7,6,35.05,127.75,전남광양시북북동쪽13km지역
2014-02-228:44:00PM,2.6,0,38.31,124.27,북한황해남도용연군장산곶서북서쪽42km해역
2014-02-283:20:00AM,2.4,0,38.74,125.01,북한남포서쪽22km해역
2014-03-1111:39:00AM,2.7,12,35.86,128.47,대구달성군서북서쪽9km지역
2014-03-1412:59:00PM,2.5,2,39.41,126.09,북한평안남도성천북북서쪽21km지역
2014-03-2810:40:00AM,3,19,36.47,127.93,경북상주시서북서쪽22km지역
2014-04-014:48:00AM,5.1,8,36.95,124.5,충남태안군서격렬비도서북서쪽100km해역
2014-04-019:25:00AM,2.3,7,36.95,124.5,충남태안군서격렬비도서북서쪽100km해역
2014-04-086:19:00AM,2.7,9,36.96,124.44,충남태안군서격렬비도서북서쪽105km해역
2014-04-121:44:00AM,2.6,14,33.52,126.9,제주제주시동쪽34km지역
2014-04-132:02:00PM,2.9,2,36.93,124.52,충남태안군서격렬비도서북서쪽97km해역
2014-04-2512:14:00PM,2.9,8,35.97,128.04,경북김천시남남서쪽19km지역
2014-04-262:08:00PM,2.7,19,36.46,127.93,경북상주시서북서쪽21km지역
2014-05-158:46:00AM,3.4,18,33,126.21,제주제주시고산남쪽33km해역
2014-06-051:29:00PM,2.3,19,35.97,128.62,대구동구북쪽10km지역
2014-06-084:05:00AM,2.6,19,33.52,125.96,제주제주시고산북서쪽31km해역
2014-06-189:59:00AM,2.1,10,35.91,128.66,대구동구북쪽4km지역
2014-06-218:29:00AM,2.6,0,38.77,125.89,북한황해북도송림동쪽22km지역
2014-07-039:57:00PM,3.5,16,35.66,129.76,울산동구동북동쪽35km해역
2014-07-0310:04:00PM,2.6,0,35.66,129.82,울산동구동북동쪽40km해역
2014-07-0412:11:00AM,2.5,0,35.65,129.81,울산동구동북동쪽39km해역
2014-07-044:13:00AM,2.9,13,35.66,129.78,울산동구동북동쪽37km해역
2014-07-046:27:00AM,2.2,13,34.51,125.41,전남신안군흑산면남남서쪽17km해역
2014-08-021:32:00AM,2.2,14,37.4,127.2,경기광주시서남서쪽5km지역
2014-08-056:16:00AM,2.5,,40.11,127.2,북한함경남도신흥서북서쪽20km지역
2014-08-106:07:00PM,2.4,,38.15,126.63,북한개성북북동쪽21km지역
2014-08-1612:51:00AM,2.1,12,33.59,126.58,제주제주시북북동쪽11km해역
2014-08-185:13:00AM,2.1,7,36.57,125.64,충남태안군서격렬비도동남동쪽10km해역
2014-08-2110:30:00PM,2.7,21,33.87,127.83,전남여수시거문도동남동쪽51km해역
2014-09-0912:24:00AM,2.2,11,35.68,129.38,경북경주시남동쪽23km지역
2014-09-233:27:00PM,3.5,14,35.8,129.41,경북경주시동남동쪽18km지역
2014-09-252:26:00AM,3.8,14,35.07,129.94,울산동구남동쪽67km해역
2014-09-289:32:00PM,3.2,8,37.24,126.44,인천옹진군남서쪽30km지역
2014-10-014:34:00PM,2.2,11,36.67,125.45,충남태안군서격렬비도북서쪽11km해역
2014-10-071:57:00AM,2.9,,33.3,125.96,제주제주시고산서쪽19km해역
2014-10-1110:11:00PM,2.3,16,37.73,129.43,강원동해시북동쪽36km해역
2014-10-197:57:00PM,2.6,,36.44,128.19,경북상주시북동쪽4km지역
2014-10-209:15:00PM,2.2,0,33.68,125.88,제주제주시고산북북서쪽50km해역
2014-10-216:33:00AM,2.3,20,35.21,129.49,부산기장군동쪽24km해역
2014-10-287:07:00PM,2.2,19,38,125.34,북한황해남도옹진북북동쪽8km지역
2014-11-064:25:00AM,2.5,,37.23,126.44,인천옹진군남남서쪽30km해역
2014-11-062:48:00PM,2.3,18,33.34,125.89,제주제주시고산서북서쪽26km해역
2014-11-153:31:00AM,2.5,20,38.77,126.36,북한황해북도신계북북서쪽34km지역
2014-12-085:28:00AM,3.3,23,34.75,127.17,전남보성군동남동쪽8km지역
2014-12-159:08:00AM,2.1,0,39.09,126.52,북한평안남도양덕남서쪽16km지역
2014-12-248:33:00PM,2.1,6,35.89,127.33,전북완주군동쪽15km지역
2014-12-303:36:00PM,2.6,,35.21,124.79,전남신안군흑산면북서쪽88km해역
2015-01-061:06:00PM,2.8,12,38.43,126.28,북한황해북도평산북서쪽17km지역
2015-01-088:15:00PM,3.5,16,37.51,125.63,인천옹진군연평도남남서쪽18km해역
2015-01-315:10:00AM,2.2,16,36.6,129.45,경북영덕군북북동쪽22km해역
2015-02-037:54:00PM,2.1,17,33.61,127.57,전남여수시거문도남남동쪽52km해역
2015-02-192:25:00PM,2.1,9,36.09,125.05,충남태안군서격렬비도남서쪽71km해역
2015-02-234:54:00AM,2.7,23,32.96,126.25,제주제주시고산남남동쪽38km해역
2015-03-101:10:00PM,2.7,5,37.36,125.15,인천옹진군연평도남서쪽59km해역
2015-03-1912:54:00PM,2.2,10,34.16,128.37,경남통영시욕지도남남동쪽54km해역
2015-03-194:20:00PM,2.7,21,36.43,127.65,충북옥천군북북동쪽16km지역
2015-04-136:02:00PM,3.3,10,37.18,125.47,인천옹진군연평도남남서쪽58km해역
2015-04-154:10:00AM,2.9,15,35.14,129.93,울산동구남동쪽61km해역
2015-04-212:05:00AM,2.1,12,35.88,129.75,경북포항시남구동남동쪽38km해역
2015-04-2410:14:00AM,2.3,20,35.88,129.69,경북포항시남구동남동쪽33km해역
2015-06-021:01:00AM,2,17,36.76,129.98,경북울진군동남동쪽57km해역
2015-06-078:54:00PM,2.1,13,33.79,126.16,제주제주시북서쪽48km해역
2015-06-1712:55:00AM,2.3,5,38.41,125.57,북한황해남도안악남남동쪽13km지역
2015-06-2212:02:00PM,2.6,7,35.85,125,충남태안군서격렬비도남남서쪽96km해역
2015-06-2212:44:00PM,2.4,7,36.35,127.24,충남공주시남동쪽15km지역
2015-07-048:49:00AM,2.1,15,36.32,128.18,경북상주시남쪽10km지역
2015-07-0811:01:00AM,2,16,37.63,125.86,인천옹진군연평도동남동쪽14km해역
2015-07-142:34:00PM,2.8,6,33.24,127.01,제주서귀포시성산남동쪽20km해역
2015-07-189:15:00PM,2.3,7,36.07,128.08,경북김천시남남서쪽7km지역
2015-07-201:33:00AM,2.2,20,33.26,127.21,제주서귀포시성산동남동쪽34km해역
2015-07-234:02:00AM,2.6,9,33.22,127.05,제주서귀포시성산남동쪽24km해역
2015-07-309:39:00AM,2.2,14,35.15,127.98,경남사천시북서쪽12km지역
2015-08-0111:58:00PM,2.2,22,35.32,127.45,전남구례군북쪽13km지역
2015-08-023:22:00AM,2.1,6,37.19,128.44,강원영월군서북서쪽2km지역
2015-08-0310:11:00AM,3.7,20,33.26,127.06,제주서귀포시성산남동쪽22km해역
2015-08-125:09:00PM,2.2,17,37.17,127.5,경기이천시남남동쪽13km지역
2015-08-174:56:00PM,2.5,8,37.2,125.38,인천옹진군연평도남남서쪽59km해역
2015-08-239:19:00AM,2.5,15,36.38,129.77,경북영덕군동쪽36km해역
2015-09-011:47:00PM,2.5,6,39.09,126.53,북한평안남도양덕남서쪽16km지역
2015-09-034:53:00AM,2.7,19,33.27,127.04,제주서귀포시성산남동쪽20km해역
2015-09-1810:12:00AM,2.1,15,34.7,128.75,경남통영시매물도동북동쪽17km해역
2015-10-019:21:00AM,2.5,17,35.78,129.14,경북경주시남서쪽9km지역
2015-10-012:06:00PM,2.1,18,35.78,129.14,경북경주시남서쪽9km지역
2015-10-1112:55:00AM,2.1,19,33.3,127.02,제주서귀포시성산남동쪽16km해역
2015-10-2611:29:00PM,2.1,24,34.09,126.85,전남완도군남남동쪽26km해역
2015-10-303:17:00PM,2.9,17,35.74,129.37,경북경주시남동쪽18km지역
2015-11-138:04:00PM,2.6,18,35.8,129.42,경북경주시동남동쪽19km지역
2015-11-2411:27:00AM,3.2,13,35.67,129.82,울산동구동북동쪽41km해역
2015-11-242:10:00PM,2.4,14,35.69,129.75,울산동구북동쪽36km해역
2015-12-111:25:00AM,2.1,14,36.9,126.58,충남당진시서북서쪽5km지역
2015-12-224:31:00AM,3.9,11,36.02,126.95,전북익산시북쪽8km지역
2016-01-068:39:00PM,3,7,36.01,128.07,경북김천시남쪽14km지역
2016-01-237:14:00AM,2.4,7,38.42,126.25,북한황해북도평산군북서쪽16km지역
2016-01-256:40:00PM,2.3,20,36.22,128.69,경북의성군남쪽14km지역
2016-01-313:03:00AM,2,28,36.95,129.92,경북울진군동쪽46km해역
2016-02-115:57:00AM,3.1,17,36.21,127.48,충남금산군북쪽12km지역
2016-02-2411:22:00PM,2.9,20,33.52,125.92,제주제주시고산북서쪽34km해역
2016-02-266:46:00PM,2.2,14,33.23,127.19,제주서귀포시성산동남동쪽34km해역
2016-02-284:52:00PM,2.5,6,38.73,125.85,북한황해북도송림시동쪽19km지역
2016-03-022:04:00PM,2.7,3,36.35,127.2,충남공주시남동쪽13km지역
2016-03-0511:11:00AM,3.3,0,35.61,129.82,울산동구동북동쪽38km해역
2016-03-145:17:00AM,3.1,8,38.71,125.87,북한황해북도송림시동쪽21km지역
2016-03-153:00:00AM,2.7,16,36.31,128.21,경북상주시남남동쪽12km지역
2016-03-153:38:00AM,2.5,13,37.6,129.82,강원삼척시동북동쪽60km해역
2016-03-272:52:00PM,2.3,12,35.33,130.04,울산동구동남동쪽59km해역
2016-03-276:28:00PM,3.1,7,39.38,126.06,북한평안남도성천시북서쪽20km지역
2016-03-282:34:00PM,2.9,13,35.22,127.96,경남진주시서북서쪽12km지역
2016-04-135:28:00AM,2.1,17,35.92,127.93,경북김천시남남서쪽28km지역
2016-04-213:53:00PM,2.7,18,33.52,125.92,제주제주시고산북서쪽34km해역
2016-04-213:55:00PM,2.7,10,33.53,125.89,제주제주시고산북서쪽36km해역
2016-04-2511:42:00AM,2.3,22,33.51,125.91,제주제주시고산북서쪽34km해역
2016-04-277:27:00PM,2.3,15,35.57,128.34,경남합천군동쪽16km지역
2016-04-2810:16:00AM,2.4,10,35.42,128.56,경남창녕군남남동쪽15km지역
2016-04-3010:46:00PM,2.6,19,37.75,125.4,북한황해남도옹진군남쪽20km지역
2016-05-033:29:00AM,2.4,2,37.11,129.02,강원태백시남남동쪽7km지역
2016-05-221:22:00AM,3.5,21,40.68,127.15,북한함경남도장진군북북서쪽34km지역
2016-05-244:52:00AM,2.3,16,33.61,125.56,제주제주시고산서북서쪽66km해역
2016-06-034:53:00AM,3,10,36.39,127.92,경북상주시서쪽22km지역
2016-06-0510:11:00AM,2.2,17,36,129.58,경북포항시남구동쪽20km해역
2016-06-074:06:00PM,2.3,12,33.05,126.17,제주제주시고산남쪽27km해역
2016-06-1312:33:00PM,2.7,8,34.3,124.68,전남신안군흑산면서남서쪽82km해역
2016-06-152:07:00AM,2.6,20,35.87,129.69,경북포항시남구동남동쪽33km해역
2016-06-213:23:00AM,3.1,0,39.49,126.19,북한평안남도성천군북쪽28km지역
2016-06-253:24:00AM,2.6,1,38.74,125.86,북한황해북도송림시20km지역
2016-07-058:33:00PM,5,19,35.51,129.99,울산동구동쪽52km해역
2016-07-059:24:00PM,2.6,24,35.51,129.87,울산동구동쪽41km해역
2016-07-094:47:00AM,2.3,18,35.48,129.97,울산동구동쪽50km해역
2016-07-091:16:00PM,2.6,0,38.69,125.83,북한황해북도송림시동남동쪽18km지역
2016-07-132:13:00PM,2,9,36.8,128.53,경북영주시서쪽9km지역
2016-07-1410:31:00PM,2.8,12,35.12,130.24,울산동구동남동쪽86km해역
2016-07-301:51:00AM,2.3,13,33.06,126.33,제주서귀포시남서쪽27km해역
2016-08-1611:57:00AM,2.4,14,36.75,128.84,경북안동시북북동쪽22km지역
2016-08-1711:17:00AM,2.9,0,38.35,128.09,북한강원도양구군북북동쪽28km지역
2016-08-185:08:00PM,2.1,0,37.18,125.46,인천옹진군연평도남남서쪽58km해역
2016-08-1810:21:00PM,2.6,5,38.84,125.7,북한황해북도송림시북북동쪽13km지역
2016-08-2012:18:00PM,3,7,38.38,128.09,북한강원도양구군북북동쪽32km지역
2016-08-206:54:00PM,2.9,18,33.48,127.31,제주서귀포시성산동북동쪽41km해역
2016-08-289:27:00PM,2.4,14,38.65,127.16,북한강원도평강북북서쪽29km지역
2016-08-2811:27:00PM,2.1,7,35.65,127.48,전북장수군서쪽4km지역
2016-08-3012:39:00AM,2.6,18,35.55,128.03,경남합천군서쪽13km지역
2016-09-127:44:00PM,5.1,15,35.77,129.19,경북경주시남남서쪽8.2km지역
2016-09-127:45:00PM,2.4,12,35.78,129.2,경북경주시남남서쪽7km지역
2016-09-127:46:00PM,2.2,14,35.76,129.19,경북경주시남남서쪽9km지역
2016-09-127:48:00PM,3.1,16,35.77,129.19,경북경주시남남서쪽8km지역
2016-09-127:50:00PM,2.2,13,35.77,129.18,경북경주시남남서쪽8km지역
2016-09-127:53:00PM,2.1,16,35.77,129.19,경북경주시남남서쪽8km지역
2016-09-127:55:00PM,2.4,18,35.76,129.18,경북경주시남남서쪽9km지역
2016-09-128:00:00PM,2.4,19,35.78,129.16,경북경주시남서쪽8km지역
2016-09-128:04:00PM,2.5,20,35.77,129.18,경북경주시남남서쪽8km지역
2016-09-128:07:00PM,2.6,21,35.76,129.19,경북경주시남남서쪽9km지역
2016-09-128:08:00PM,2.7,18,35.76,129.18,경북경주시남남서쪽9km지역
2016-09-128:09:00PM,2.7,13,35.76,129.17,경북경주시남남서쪽10km지역
2016-09-128:10:00PM,3.1,18,35.77,129.18,경북경주시남남서쪽8km지역
2016-09-128:17:00PM,2.3,18,35.76,129.19,경북경주시남남서쪽9km지역
2016-09-128:26:00PM,2.5,17,35.77,129.2,경북경주시남쪽8km지역
2016-09-128:32:00PM,5.8,15,35.76,129.19,경북경주시남남서쪽8.7km지역
2016-09-128:34:00PM,3.6,12,35.78,129.19,경북경주시남남서쪽7km지역
2016-09-128:36:00PM,3.4,13,35.75,129.18,경북경주시남남서쪽10km지역
2016-09-128:38:00PM,3,15,35.78,129.2,경북경주시남남서쪽7km지역
2016-09-128:39:00PM,3,16,35.77,129.19,경북경주시남남서쪽8km지역
2016-09-128:40:00PM,3,17,35.76,129.18,경북경주시남남서쪽9km지역
2016-09-128:42:00PM,2.5,13,35.79,129.2,경북경주시남남서쪽5km지역
2016-09-128:43:00PM,2.4,13,35.76,129.19,경북경주시남남서쪽9km지역
2016-09-128:44:00PM,2.5,17,35.76,129.18,경북경주시남남서쪽9km지역
2016-09-128:45:00PM,2.3,15,35.76,129.17,경북경주시남남서쪽10km지역
2016-09-128:45:00PM,2.7,14,35.78,129.2,경북경주시남남서쪽7km지역
2016-09-128:46:00PM,2.4,16,35.76,129.17,경북경주시남남서쪽10km지역
2016-09-128:47:00PM,2.2,14,35.81,129.23,경북경주시남남동쪽3km지역
2016-09-128:47:00PM,2.9,16,35.76,129.19,경북경주시남남서쪽9km지역
2016-09-128:51:00PM,2.6,16,35.75,129.16,경북경주시남남서쪽11km지역
2016-09-128:55:00PM,2,11,35.76,129.18,경북경주시남남서쪽9km지역
2016-09-128:58:00PM,2.1,16,35.77,129.17,경북경주시남남서쪽9km지역
2016-09-129:00:00PM,2.5,18,35.77,129.18,경북경주시남남서쪽8km지역
2016-09-129:07:00PM,2,15,35.77,129.19,경북경주시남남서쪽8km지역
2016-09-129:09:00PM,2.2,15,35.77,129.19,경북경주시남남서쪽8km지역
2016-09-129:16:00PM,2.1,13,35.76,129.18,경북경주시남남서쪽9km지역
2016-09-129:20:00PM,2.8,19,35.78,129.18,경북경주시남남서쪽7km지역
2016-09-129:33:00PM,2.3,17,35.76,129.02,경북경주시서남서쪽20km지역
2016-09-129:38:00PM,2.6,18,35.76,129.19,경북경주시남남서쪽9km지역
2016-09-129:54:00PM,2.2,16,35.76,129.16,경북경주시남남서쪽10km지역
2016-09-129:54:00PM,2.1,12,35.77,129.19,경북경주시남남서쪽8km지역
2016-09-1210:06:00PM,2.1,16,35.77,129.19,경북경주시남남서쪽8km지역
2016-09-1210:08:00PM,2,18,35.76,129.18,경북경주시남남서쪽9km지역
2016-09-1210:13:00PM,2.4,17,35.76,129.19,경북경주시남남서쪽9km지역
2016-09-1210:17:00PM,2.5,15,35.76,129.18,경북경주시남남서쪽9km지역
2016-09-1210:18:00PM,2,17,35.77,129.18,경북경주시남남서쪽8km지역
2016-09-1210:22:00PM,2.2,17,35.76,129.18,경북경주시남남서쪽9km지역
2016-09-1210:23:00PM,2.4,17,35.77,129.18,경북경주시남남서쪽8km지역
2016-09-1210:47:00PM,2.1,13,35.77,129.19,경북경주시남남서쪽8km지역
2016-09-1211:18:00PM,3,17,35.76,129.17,경북경주시남남서쪽8km지역
2016-09-1211:52:00PM,3.1,18,35.75,129.18,경북경주시남남서쪽10km지역
2016-09-1211:53:00PM,2.2,16,35.77,129.19,경북경주시남남서쪽8km지역
2016-09-1312:07:00AM,2.2,16,35.76,129.19,경북경주시남남서쪽9km지역
2016-09-1312:10:00AM,2,17,35.76,129.18,경북경주시남남서쪽9km지역
2016-09-1312:15:00AM,2,15,35.76,129.18,경북경주시남남서쪽9km지역
2016-09-1312:21:00AM,2.5,18,35.76,129.19,경북경주시남남서쪽9km지역
2016-09-1312:32:00AM,2.1,16,35.76,129.19,경북경주시남남서쪽9km지역
2016-09-1312:37:00AM,3.1,19,35.78,129.21,경북경주시남쪽6km지역
2016-09-1312:45:00AM,2.2,17,35.76,129.18,경북경주시남남서쪽9km지역
2016-09-131:03:00AM,2,17,35.77,129.17,경북경주시남남서쪽9km지역
2016-09-131:23:00AM,2.2,17,35.75,129.19,경북경주시남남서쪽10km지역
2016-09-131:31:00AM,2,16,35.77,129.18,경북경주시남남서쪽8km지역
2016-09-131:35:00AM,2.3,17,35.75,129.17,경북경주시남남서쪽11km지역
2016-09-131:37:00AM,2.2,17,35.77,129.18,경북경주시남남서쪽8km지역
2016-09-131:58:00AM,2.5,17,35.77,129.18,경북경주시남남서쪽8km지역
2016-09-132:03:00AM,2.1,17,35.76,129.17,경북경주시남남서쪽10km지역
2016-09-132:03:00AM,2.2,14,35.78,129.19,경북경주시남남서쪽7km지역
2016-09-132:09:00AM,2,17,35.75,129.18,경북경주시남남서쪽10km지역
2016-09-133:11:00AM,2.1,17,35.75,129.17,경북경주시남남서쪽11km지역
2016-09-134:13:00AM,2.1,16,35.78,129.19,경북경주시남남서쪽7km지역
2016-09-134:41:00AM,2.1,17,35.76,129.17,경북경주시남남서쪽10km지역
2016-09-134:56:00AM,2,15,35.77,129.19,경북경주시남남서쪽8km지역
2016-09-135:15:00AM,2,16,35.77,129.18,경북경주시남남서쪽9km지역
2016-09-136:15:00AM,2.3,19,35.77,129.18,경북경주시남남서쪽8km지역
2016-09-136:48:00AM,2,16,35.78,129.18,경북경주시남남서쪽7km지역
2016-09-137:03:00AM,2.1,18,35.77,129.19,경북경주시남남서쪽8km지역
2016-09-137:47:00AM,2.4,17,35.77,129.18,경북경주시남남서쪽8km지역
2016-09-138:24:00AM,3.2,14,35.76,129.17,경북경주시남남서쪽10km지역
2016-09-138:47:00AM,2.3,17,35.76,129.17,경북경주시남남서쪽10km지역
2016-09-139:23:00AM,2.3,17,35.76,129.18,경북경주시남남서쪽9km지역
2016-09-1310:01:00AM,2.3,18,35.78,129.19,경북경주시남남서쪽7km지역
2016-09-1310:05:00AM,2,18,35.76,129.18,경북경주시남남서쪽9km지역
2016-09-1310:44:00AM,2.2,18,35.76,129.18,경북경주시남남서쪽9km지역
2016-09-1310:58:00AM,2,18,35.76,129.18,경북경주시남남서쪽9km지역
2016-09-1312:27:00PM,2.2,18,35.78,129.19,경북경주시남남서쪽7km지역
2016-09-1312:33:00PM,2,18,35.76,129.16,경북경주시남남서쪽10km지역
2016-09-131:09:00PM,2.3,16,35.77,129.17,경북경주시남남서쪽9km지역
2016-09-131:16:00PM,2.4,16,35.77,129.17,경북경주시남남서쪽9km지역
2016-09-131:18:00PM,2.1,16,35.77,129.17,경북경주시남남서쪽9km지역
2016-09-132:31:00PM,3,14,35.76,129.18,경북경주시남남서쪽9km지역
2016-09-132:41:00PM,2.1,16,35.76,129.17,경북경주시남남서쪽10km지역
2016-09-134:02:00PM,2.5,17,35.76,129.2,경북경주시남쪽9km지역
2016-09-134:21:00PM,2,18,35.75,129.17,경북경주시남남서쪽10km지역
2016-09-134:52:00PM,2.5,19,35.75,129.18,경북경주시남남서쪽10km지역
2016-09-135:15:00PM,2,17,35.77,129.18,경북경주시남남서쪽9km지역
2016-09-136:54:00PM,2.1,18,35.76,129.18,경북경주시남남서쪽9km지역
2016-09-139:49:00PM,2.1,16,35.76,129.17,경북경주시남남서쪽10km지역
2016-09-1311:08:00PM,2.3,14,35.73,129.36,경북경주시남동쪽18km지역
2016-09-1412:48:00AM,3,13,35.75,129.18,경북경주시남남서쪽11km지역
2016-09-141:37:00AM,2.1,17,35.77,129.18,경북경주시남남서쪽8km지역
2016-09-143:55:00AM,2.4,19,35.76,129.18,경북경주시남남서쪽9km지역
2016-09-144:43:00AM,2.1,17,35.77,129.17,경북경주시남남서쪽9km지역
2016-09-1411:57:00AM,2.4,15,33.93,126.62,전남완도군남남서쪽44km해역
2016-09-1412:38:00PM,2.2,18,35.78,129.19,경북경주시남남서쪽7km지역
2016-09-144:47:00PM,2.1,17,35.77,129.18,경북경주시남남서쪽8km지역
2016-09-145:27:00PM,2.3,18,35.77,129.17,경북경주시남남서쪽9km지역
2016-09-1410:31:00PM,2.4,18,35.76,129.17,경북경주시남남서쪽10km지역
2016-09-153:22:00AM,2.7,18,35.76,129.18,경북경주시남쪽9km지역
2016-09-157:47:00PM,2.2,20,35.77,129.19,경북경주시남남서쪽8km지역
2016-09-158:48:00PM,2.6,19,35.76,129.19,경북경주시남남서쪽9km지역
2016-09-165:31:00AM,2.2,18,35.78,129.19,경북경주시남남서쪽7km지역
2016-09-163:13:00PM,2.3,16,35.76,129.17,경북경주시남남서쪽10km지역
2016-09-166:58:00PM,2,19,35.75,129.18,경북경주시남남서쪽10km지역
2016-09-167:15:00PM,2,16,35.76,129.18,경북경주시남남서쪽10km지역
2016-09-167:54:00PM,2.1,13,35.74,129.17,경북경주시남남서쪽12km지역
2016-09-169:14:00PM,2.2,18,35.76,129.18,경북경주시남남서쪽9km지역
2016-09-177:12:00AM,2.1,17,35.76,129.18,경북경주시남남서쪽9km지역
2016-09-174:21:00PM,2.1,18,35.76,129.18,경북경주시남남서쪽9km지역
2016-09-184:27:00PM,2.4,16,35.76,129.17,경북경주시남남서쪽10km지역
2016-09-1810:38:00PM,2,14,35.75,129.18,경북경주시남남서쪽10km지역
2016-09-199:17:00AM,2.1,17,35.76,129.17,경북경주시남남서쪽10km지역
2016-09-198:33:00PM,4.5,14,35.74,129.18,경북경주시남남서쪽11km지역
2016-09-199:00:00PM,2.1,18,35.75,129.17,경북경주시남남서쪽11km지역
2016-09-209:58:00AM,2.4,19,35.76,129.2,경북경주시남쪽9km지역
2016-09-203:05:00PM,2.5,0,38.36,128.09,북한강원도양구군북북동쪽29km지역
2016-09-208:03:00PM,2.1,17,35.77,129.19,경북경주시남남서쪽8km지역
2016-09-2112:59:00AM,2.1,17,35.76,129.18,경북경주시남남서쪽9km지역
2016-09-213:36:00AM,2.9,14,35.77,129.18,경북경주시남남서쪽8km지역
2016-09-2111:36:00AM,2.2,16,35.78,129.15,경북경주시남서쪽9km지역
2016-09-2111:53:00AM,3.5,18,35.75,129.18,경북경주시남남서쪽10km지역
2016-09-2212:01:00AM,2.3,16,35.76,129.18,경북경주시남남서쪽9km지역
2016-09-223:22:00AM,2.1,14,35.76,129.18,경북경주시남남서쪽9km지역
2016-09-236:21:00PM,2.1,17,35.76,129.18,경북경주시남남서쪽9km지역
2016-09-247:56:00PM,2.5,15,35.79,129.19,경북경주시남남서쪽6km지역
2016-09-284:34:00PM,3.1,13,35.76,129.18,경북경주시남남서쪽9km지역
2016-09-286:54:00PM,2.8,1,38.74,125.69,북한황해북도송림시동쪽5km지역
2016-09-287:00:00PM,2.6,0,38.74,125.73,북한황해북도송림시동쪽8km지역
2016-09-289:10:00PM,2.7,15,35.77,129.17,경북경주시남남서쪽9km지역
2016-09-3011:09:00AM,2.1,15,35.76,129.18,경북경주시남남서쪽9km지역
2016-09-304:24:00PM,2,17,35.77,129.16,경북경주시남남서쪽9km지역
2016-09-306:06:00PM,2.3,16,35.76,129.16,경북경주시남남서쪽10km지역
2016-09-309:52:00PM,2.2,15,35.75,129.18,경북경주시남남서쪽10km지역
2016-10-011:04:00PM,2,15,35.76,129.18,경북경주시남남서쪽9km지역
2016-10-015:00:00PM,2.3,15,35.76,129.18,경북경주시남남서쪽9km지역
2016-10-028:53:00PM,3,18,35.75,129.19,경북경주시남남서쪽10km지역
2016-10-043:16:00PM,2.6,15,35.76,129.19,경북경주시남남서쪽9km지역
2016-10-0511:29:00PM,2.3,35,38.76,125.62,북한황해북도송림시북북서쪽3km지역
2016-10-075:17:00PM,2.2,17,35.77,129.23,경북경주시남쪽8km지역
2016-10-092:03:00PM,2.2,11,35.08,126.93,광주동구남쪽7km지역
2016-10-1010:59:00PM,3.3,17,35.75,129.18,경북경주시남남서쪽10km지역
2016-10-1212:29:00AM,2.9,18,35.76,129.18,경북경주시남남서쪽9km지역
2016-10-148:20:00AM,2.3,15,35.76,129.19,경북경주시남남서쪽9km지역
2016-10-156:55:00PM,2.5,16,35.74,129.18,경북경주시남남서쪽11km지역
2016-10-1511:49:00PM,2.2,12,35.76,129.17,경북경주시남남서쪽10km지역
2016-10-2012:17:00PM,2.4,15,35.76,129.19,경북경주시남남서쪽9km지역
2016-10-2110:13:00AM,2.2,14,36.46,126.87,충남청양군동쪽6km지역
2016-10-2112:47:00PM,2.6,12,35.75,129.17,경북경주시남남서쪽11km지역
2016-10-233:00:00AM,2.7,14,35.78,129.2,경북경주시남남서쪽7km지역
2016-10-249:02:00AM,2.2,7,37.25,127.02,경기수원시권선구동쪽4km지역
2016-10-253:23:00AM,2,15,35.76,129.19,경북경주시남남서쪽9km지역
2016-10-257:57:00PM,2.4,8,35.7,129.37,경북경주시남동쪽21km지역
2016-11-023:01:00AM,2.3,10,33.53,126.88,제주제주시동쪽33km지역
2016-11-033:46:00AM,2.1,14,35.75,129.18,경북경주시남남서쪽10km지역
2016-11-0310:02:00AM,2.3,18,35.76,129.19,경북경주시남남서쪽9km지역
2016-11-0310:36:00AM,2.3,11,35.76,129.19,경북경주시남남서쪽9km지역
2016-11-0311:35:00PM,2.6,16,35.32,128.49,경남함안군북동쪽9km지역
2016-11-066:26:00AM,3.5,12,33.76,125.07,전남신안군흑산면남남서쪽106km해역
2016-11-098:55:00PM,2.3,20,36.55,129.6,경북영덕군북동쪽26km해역
2016-11-1010:37:00PM,2.5,18,36.46,129.89,경북영덕군동쪽47km해역
2016-11-132:27:00AM,2.3,0,38.76,125.66,북한황해북도송림시북동쪽3km지역
2016-11-139:52:00PM,3.5,10,36.36,126.63,충남보령시북북동쪽4km지역
2016-11-1512:22:00PM,2.5,9,38.35,128.09,북한강원도금강군남남동쪽29km지역
2016-11-154:27:00PM,2,18,35.76,129.19,경북경주시남남서쪽9km지역
2016-11-1611:15:00PM,2.1,6,34.86,125.08,전남신안군흑산면서북서쪽43km해역
2016-11-182:02:00AM,2,13,35.51,128.09,경남합천군남서쪽9km지역
2016-11-193:29:00AM,2.1,14,35.76,129.19,경북경주시남남서쪽9km지역
2016-11-256:53:00PM,2.3,14,35.75,129.17,경북경주시남남서쪽11km지역
2016-11-276:53:00AM,2.5,10,36.34,127.33,대전유성구남서쪽3km지역
2016-11-278:08:00PM,2.2,12,36.02,127.39,충남금산군남서쪽13km지역
2016-11-288:57:00PM,2.4,18,35.77,129.19,경북경주시남남서쪽8km지역
2016-11-2811:33:00PM,2.2,10,38.49,126.14,북한황해북도평산군북서쪽28km지역
2016-11-2910:09:00AM,2.9,17,33.4,125.72,제주제주시고산서북서쪽43km해역
2016-12-024:45:00AM,2.1,14,35.76,129.19,경북경주시남남서쪽9km지역
2016-12-0512:47:00AM,2.1,14,35.77,129.18,경북경주시남남서쪽8km지역
2016-12-057:42:00AM,2.1,21,35.81,129.72,경북포항시남구남동쪽39km해역
2016-12-0710:34:00PM,2.4,0,37.18,125.48,인천옹진군연평도남남서쪽57km해역
2016-12-0911:30:00AM,2.4,8,35.69,129.36,경북경주시남동쪽21km지역
2016-12-1012:51:00AM,2.1,18,35.77,129.17,경북경주시남남서쪽9km지역
2016-12-103:51:00PM,2,12,37.63,129.68,강원삼척시동북동쪽50km해역
2016-12-114:05:00PM,2.6,14,36.07,125.57,충남태안군서격렬비도남쪽59km해역
2016-12-124:46:00AM,2.2,13,35.76,129.18,경북경주시남남서쪽9km지역
2016-12-125:53:00PM,3.3,16,35.76,129.18,경북경주시남남서쪽9km지역
2016-12-1410:05:00AM,2.1,12,36.54,128.08,경북상주시북북서쪽16km지역
2016-12-145:20:00PM,3.3,12,35.76,129.17,경북경주시남남서쪽10km지역
2016-12-155:14:00PM,2.1,14,35.76,129.19,경북경주시남남서쪽9km지역
2016-12-229:13:00PM,2.2,18,34.45,128.54,경남통영시매물도남쪽22km해역
2016-12-235:31:00AM,2.2,10,36.12,129.36,경북포항시북구북쪽9km지역
2016-12-251:59:00AM,2.4,17,35.25,129.39,부산기장군동쪽15km해역
2016-12-256:29:00AM,2.5,11,35.78,129.31,경북경주시남동쪽11km지역
2016-12-295:53:00AM,2.6,6,38.71,125.76,북한황해북도송림시동남동쪽11km지역
2016-12-299:32:00PM,2.3,9,36.12,129.36,경북포항시북구북쪽9km지역
2016-12-303:04:00PM,2.5,10,38.64,125.76,북한황해북도사리원시북쪽15km지역
2016-12-318:01:00AM,2.6,0,39.31,126.27,북한평안남도성천군북북동쪽9km지역
2017-01-045:00:00AM,2.5,18,36.58,129.24,경북영덕군북북서쪽22km지역
2017-01-065:31:00AM,3.3,12,35.75,129.17,경북경주시남남서쪽11km지역
2017-01-065:33:00AM,2.2,12,35.75,129.18,경북경주시남남서쪽10km지역
2017-01-076:37:00AM,2.4,1,38.69,125.73,북한황해북도송림동남동쪽10km지역
2017-01-1112:10:00AM,2.1,20,36.44,128.42,경북의성군서북서쪽27km지역
2017-01-1411:52:00AM,2.2,10,35.17,127.79,경남하동군북북동쪽12km지역
2017-01-166:57:00AM,2.7,21,33.64,127.51,전남여수시거문도남남동쪽47km해역
2017-01-167:54:00PM,2.1,20,36.33,126.59,충남보령시서쪽2km지역
2017-01-174:06:00PM,2.8,6,38.71,125.86,북한황해북도송림동쪽20km지역
2017-01-1812:49:00PM,2.5,4,35.02,125.06,전남신안군흑산면북서쪽56km해역
2017-01-213:27:00AM,2.6,15,35.75,129.18,경북경주시남남서쪽10km지역
2017-01-244:07:00AM,2.6,16,35.77,129.17,경북경주시남남서쪽9km지역
2017-01-2610:53:00PM,2,0,33.54,126.87,제주제주시동쪽32km해역
2017-01-291:45:00PM,2.6,8,38.7,127.16,북한강원평강북북서쪽34km지역
2017-02-057:07:00PM,2.5,21,33.61,126.73,제주제주시동북동쪽22km해역
2017-02-058:06:00PM,2.6,3,39.61,127.64,북한함경남도함흥남남동쪽34km해역
2017-02-105:22:00AM,2.2,20,35.65,129.57,울산북구동북동쪽20km해역
2017-02-106:01:00PM,2.6,0,38.54,125.84,북한황해북도사리원동북동쪽8km지역
2017-02-129:22:00AM,2.3,22,35.69,129.58,울산북구동북동쪽23km해역
2017-02-162:34:00AM,2.9,15,35.78,129.2,경북경주시남남서쪽7km지역
2017-02-166:20:00PM,2.3,17,35.64,128.09,경남합천군북서쪽11km지역
2017-02-184:53:00PM,2,15,33.23,126.18,제주서귀포시서쪽35km해역
2017-02-188:58:00PM,2.4,17,35.23,126.94,광주북구북북동쪽7km지역
2017-02-213:21:00AM,2.1,14,35.76,129.2,경북경주시남쪽9km지역
2017-02-221:08:00PM,2.1,14,35.77,129.18,경북경주시남남서쪽8km지역
2017-02-239:03:00PM,3.1,7,37.4,124.89,인천백령도남남동쪽64km해역
2017-02-2411:34:00AM,2.3,14,36.38,127.79,충북옥천군동북동쪽21km지역
2017-02-2412:29:00PM,2.5,8,38.89,126.09,북한평양동남동쪽33km지역
2017-02-256:58:00AM,2.2,19,35.74,129.17,경북경주시남남서쪽12km지역
2017-02-256:59:00AM,2.4,15,35.74,129.18,경북경주시남남서쪽11km지역
2017-03-046:33:00AM,2.3,7,35.99,127.95,경북김천시남서쪽22km지역
2017-03-057:52:00AM,2.4,17,35.75,129.17,경북경주시남남서쪽11km지역
2017-03-059:18:00AM,3.2,13,37.75,129.66,강원동해시동북동쪽54km해역
2017-03-059:28:00AM,2.4,8,37.74,129.69,강원동해시동북동쪽56km해역
2017-03-053:09:00PM,2.1,9,37.72,129.59,강원동해시동북동쪽47km해역
2017-03-057:19:00PM,2.1,7,37.77,129.7,강원동해시동북동쪽58km해역
2017-03-066:21:00AM,2,1,35.75,126.1,전북부안군위도북서쪽24km해역
2017-03-073:48:00AM,2.2,20,36.3,128.23,경북구미시북북서쪽23km지역
2017-03-076:53:00AM,2.6,0,37.75,129.71,강원동해시동북동쪽58km해역
2017-03-092:24:00AM,2,22,35.82,129.78,경북포항시남구동남동쪽43km해역
2017-03-145:41:00AM,2.1,22,34.64,127.78,전남여수시남동쪽17km지역
2017-03-193:01:00AM,2.9,14,33.32,127.18,제주서귀포시성산동남동쪽29km해역
2017-03-2111:19:00PM,2.4,0,38.52,126.03,북한황해북도사리원동쪽23km지역
2017-03-279:28:00AM,2,9,35.21,126.95,광주북구북동쪽5km지역
2017-03-2812:48:00AM,2.2,0,37.17,125.48,인천옹진군연평도남남서쪽58km해역
2017-03-283:45:00PM,2,16,35.79,129.2,경북경주시남남서쪽5km지역
2017-03-309:49:00PM,2,17,35.76,129.19,경북경주시남남서쪽9km지역
2017-03-311:46:00PM,3.3,17,35.78,129.2,경북경주시남남서쪽7km지역
2017-03-311:53:00PM,2.5,15,35.78,129.2,경북경주시남남서쪽6km지역
2017-04-014:04:00PM,2.2,16,35.78,129.2,경북경주시남남서쪽7km지역
2017-04-0411:25:00PM,2.2,21,35.67,129.85,울산동구동북동쪽43km해역
2017-04-0712:04:00AM,2,4,35.97,127.8,전북무주군동남동쪽13km지역
2017-04-086:20:00PM,2.7,11,35.76,129.18,경북경주시남남서쪽9km지역
2017-04-0811:13:00PM,2.1,0,38.72,125.61,북한황해북도송림북북서쪽2km지역
2017-04-091:45:00AM,2.1,13,35.76,129.2,경북경주시남쪽9km지역
2017-04-092:12:00PM,2.4,5,38.99,126.2,북한평안남도성천남쪽28km지역
2017-04-104:02:00AM,2.3,17,35.16,128.77,경남창원시진해구동북동쪽6km지역
2017-04-155:41:00AM,2.2,15,35.76,129.18,경북경주시남남서쪽9km지역
2017-04-1511:31:00AM,3.1,13,36.11,129.36,경북포항시북구북쪽8km지역
2017-04-155:16:00PM,2,8,36.11,129.37,경북포항시북구북쪽8km지역
2017-04-169:39:00PM,2.2,6,36.7,125.18,충남태안군서격렬비도서북서쪽33km해역
2017-04-181:17:00AM,2,16,35.76,129.18,경북경주시남남서쪽9km지역
2017-04-185:36:00PM,2.1,12,35.5,128.88,경남밀양시동쪽12km지역
2017-04-204:00:00PM,3.2,0,33.77,127.28,전남여수시거문도남쪽29km해역
2017-04-285:54:00AM,2.4,5,33.33,127.85,제주서귀포시성산동쪽90km해역
2017-04-2811:19:00AM,2.1,13,36.6,128.81,경북안동시동북동쪽8km지역
2017-05-041:08:00AM,2.6,16,36.61,129.44,경북영덕군북북동쪽22km해역
2017-05-049:46:00PM,2.4,14,36.74,128.1,경북문경시북북서쪽18km지역
2017-05-0512:02:00AM,2,15,36.73,128.1,경북문경시북북서쪽18km지역
2017-05-0511:16:00PM,3,11,35.32,127.43,전남구례군북북서쪽13km지역
2017-05-102:06:00PM,2.5,19,35.88,126.19,전북부안군위도북북서쪽32km해역
2017-05-1010:31:00PM,2.1,16,36.61,129.45,경북영덕군북북동쪽23km해역
2017-05-136:37:00PM,2.8,15,36.61,129.44,경북영덕군북북동쪽23km해역
2017-05-168:06:00PM,2.1,0,36.85,124.55,충남태안군서격렬비도서북서쪽92km해역
2017-05-1611:29:00PM,2.2,6,36.6,128.92,경북안동시동북동쪽17km지역
2017-05-204:29:00PM,2,12,35.92,128.27,경북성주군북서쪽1km지역
2017-05-2010:29:00PM,2.9,15,37.73,129.62,강원동해시동북동쪽50km해역
2017-05-2511:20:00AM,3,24,36.96,124.4,충남태안군서격렬비도서북서쪽109km해역
2017-05-283:47:00PM,2.7,21,35.67,129.56,울산북구동북동쪽20km해역
2017-06-045:16:00AM,2.1,18,36.83,128.1,충북충주시남동쪽24km지역
2017-06-116:16:00PM,2,12,37.28,129.21,강원삼척시남남동쪽19km지역
2017-06-118:31:00PM,2.5,14,35.77,129.17,경북경주시남남서쪽9km지역
2017-06-138:01:00AM,2.1,17,35.74,129.18,경북경주시남남서쪽11km지역
2017-06-142:43:00AM,2.2,6,38.34,126.14,북한황해북도평산서쪽22km지역
2017-06-154:56:00PM,2.4,13,36.54,125.07,충남태안군서격렬비도서쪽42km해역
2017-06-172:30:00PM,2.3,21,33.38,127.21,제주서귀포시성산동쪽30km해역
2017-06-2011:02:00AM,2,12,35.85,129.08,경북경주시서쪽12km지역
2017-06-278:17:00PM,2,15,35.77,129.2,경북경주시남남서쪽8km지역
2017-06-281:00:00PM,2.7,0,40,125.81,북한평안북도영변북쪽22km지역
2017-07-057:17:00PM,2.5,5,35.99,127.97,경북김천시남서쪽21km지역
2017-07-066:00:00AM,2.4,6,36,127.94,경북김천시남서쪽22km지역
2017-07-0811:45:00PM,2.8,0,40.4,127.29,북한함경남도장진동북동쪽5km지역
2017-07-093:43:00AM,2.1,18,33.51,125.73,제주제주시고산서북서쪽47km해역
2017-07-1810:31:00AM,2.7,16,37.69,126.19,인천강화군서남서쪽27km해역
2017-07-1910:23:00AM,2.2,28,33.77,126.12,제주제주시북서쪽48km해역
2017-07-202:38:00PM,2,11,37.39,129.54,강원삼척시동남동쪽33km해역
2017-08-078:53:00PM,2.6,0,38.7,125.63,북한황해북도송림남남서쪽4km지역
2017-08-091:53:00PM,2.7,12,33.87,125.52,전남신안군흑산면남쪽87km해역
2017-08-159:32:00PM,2.6,0,38.73,125.67,북한황해북도송림동쪽3km지역
2017-08-1612:35:00AM,2.5,0,38.73,125.69,북한황해북도송림동쪽5km지역
2017-08-211:30:00AM,2.1,0,38.82,126.13,북한평양동남동쪽39km지역
2017-08-2910:06:00PM,2.4,7,35.31,125.36,전남영광군안마도서쪽61km해역
2017-09-015:57:00AM,2.1,18,36.42,127.21,충남공주시동남동쪽9km지역
2017-09-072:58:00PM,2.9,19,37.6,125.34,인천옹진군연평도서남서쪽33km해역
2017-09-115:25:00PM,3.2,0,35.29,124.16,전남신안군흑산면서북서쪽139km해역
2017-09-161:34:00AM,2.2,19,34.25,127.13,전남여수시거문도북서쪽29km해역
2017-09-231:43:00PM,2.6,2,41.35,129.06,북한함경북도길주북북서쪽49km지역
2017-09-235:29:00PM,3.2,0,41.35,129.06,북한함경북도길주북북서쪽49km지역
2017-09-303:34:00PM,2.5,18,33.42,127.15,제주서귀포시성산동쪽25km해역
2017-10-042:11:00AM,2.4,22,35.56,129.88,울산동구동쪽42km해역
2017-10-0412:10:00PM,2.1,11,36.16,127.13,충남논산시남동쪽4km지역
2017-10-0812:18:00PM,2.8,16,34.84,127.25,전남보성군동북동쪽17km지역
2017-10-131:41:00AM,2.7,3,41.39,129.03,북한함경북도길주북북서쪽54km지역
2017-10-166:08:00AM,2.8,18,33.86,125.3,전남신안군흑산면남쪽89km해역
2017-10-163:51:00PM,2.5,14,35.79,129.19,경북경주시남남서쪽6km지역
2017-10-184:56:00AM,2.6,16,36.59,129.45,경북영덕군북북동쪽20km해역
2017-10-206:41:00AM,2,13,35.9,127.54,전북진안군북동쪽15km지역
2017-10-2012:20:00PM,2.2,10,38.44,126.16,북한황해북도평산서북서쪽24km지역
2017-10-211:11:00PM,2.7,12,33.63,126.05,제주제주시고산북북서쪽39km해역
2017-10-292:14:00AM,2.2,12,34.39,127.34,전남고흥군남남동쪽25km해역
2017-10-3011:02:00AM,2.1,10,36.42,126.48,충남보령시북서쪽15km해역
2017-11-089:35:00AM,2.5,13,33.05,126.2,제주제주시고산남쪽28km해역
2017-11-085:52:00PM,2,9,35.16,128.57,경남창원마산합포구남쪽4km지역
2017-11-091:29:00PM,2,16,35.75,129.18,경북경주시남남서쪽10km지역
2017-11-115:18:00PM,2.2,18,34.84,127.46,전남순천시남남서쪽12km지역
2017-11-142:17:00AM,2.7,4,37.29,124.82,인천백령도남쪽75km해역
2017-11-152:22:00PM,2.2,8,36.11,129.36,경북포항시북구북쪽7km지역
2017-11-152:22:00PM,2.6,0,36.08,129.31,경북포항시북구북서쪽7km지역
2017-11-152:29:00PM,5.4,7,36.11,129.37,경북포항시북구북쪽8km지역
2017-11-152:32:00PM,3.6,8,36.1,129.36,경북포항시북구북쪽7km지역
2017-11-152:46:00PM,2.5,6,36.12,129.39,경북포항시북구북북동쪽9km지역
2017-11-152:50:00PM,2.4,8,36.1,129.36,경북포항시북구북쪽6km지역
2017-11-152:52:00PM,2.4,9,36.11,129.35,경북포항시북구북쪽8km지역
2017-11-152:56:00PM,2.8,12,36.1,129.35,경북포항시북구북북서쪽7km지역
2017-11-152:58:00PM,2.9,0,36.12,129.37,경북포항시북구북쪽9km지역
2017-11-153:00:00PM,2.9,8,36.11,129.35,경북포항시북구북쪽7km지역
2017-11-153:09:00PM,3.5,8,36.09,129.34,경북포항시북구북북서쪽6km지역
2017-11-153:14:00PM,2.5,9,36.11,129.35,경북포항시북구북쪽8km지역
2017-11-153:19:00PM,2.4,11,36.14,129.38,경북포항시북구북쪽11km지역
2017-11-153:23:00PM,2.6,11,36.09,129.35,경북포항시북구북북서쪽6km지역
2017-11-153:36:00PM,2.3,7,36.09,129.33,경북포항시북구북북서쪽6km지역
2017-11-153:55:00PM,2.2,10,36.12,129.37,경북포항시북구북쪽9km지역
2017-11-154:11:00PM,2.9,12,36.13,129.36,경북포항시북구북쪽10km지역
2017-11-154:16:00PM,2.4,8,36.09,129.35,경북포항시북구북북서쪽6km지역
2017-11-154:18:00PM,2,6,36.14,129.36,경북포항시북구북쪽11km지역
2017-11-154:49:00PM,4.3,10,36.12,129.36,경북포항시북구북쪽9km지역
2017-11-154:57:00PM,2.2,7,36.14,129.37,경북포항시북구북쪽11km지역
2017-11-155:11:00PM,2.8,0,36.08,129.31,경북포항시북구북서쪽7km지역
2017-11-155:42:00PM,2.2,10,36.14,129.37,경북포항시북구북쪽11km지역
2017-11-156:41:00PM,2.1,11,36.09,129.32,경북포항시북구북서쪽6km지역
2017-11-156:48:00PM,2.1,5,36.14,129.38,경북포항시북구북쪽11km지역
2017-11-156:51:00PM,2,11,36.14,129.38,경북포항시북구북쪽11km지역
2017-11-156:57:00PM,2.3,8,36.11,129.35,경북포항시북구북북서쪽8km지역
2017-11-156:58:00PM,2.2,8,36.1,129.35,경북포항시북구북북서쪽7km지역
2017-11-156:59:00PM,2.1,9,36.11,129.35,경북포항시북구북쪽8km지역
2017-11-158:54:00PM,2.4,10,36.1,129.35,경북포항시북구북북서쪽7km지역
2017-11-159:35:00PM,2,10,36.11,129.36,경북포항시북구북쪽8km지역
2017-11-159:59:00PM,2.1,7,36.14,129.36,경북포항시북구북쪽10km지역
2017-11-1510:24:00PM,2.1,7,36.14,129.38,경북포항시북구북쪽11km지역
2017-11-1510:43:00PM,2.1,10,36.1,129.36,경북포항시북구북쪽7km지역
2017-11-1511:05:00PM,2,12,36.1,129.36,경북포항시북구북쪽6km지역
2017-11-1511:18:00PM,2.1,10,36.13,129.38,경북포항시북구북쪽10km지역
2017-11-1612:21:00AM,2.4,8,36.14,129.35,경북포항시북구북쪽10km지역
2017-11-1612:38:00AM,2,9,36.09,129.35,경북포항시북구북북서쪽6km지역
2017-11-161:23:00AM,2.1,11,36.09,129.35,경북포항시북구북북서쪽6km지역
2017-11-161:36:00AM,2.5,13,36.14,129.36,경북포항시북구북쪽10km지역
2017-11-162:37:00AM,2.3,8,36.14,129.37,경북포항시북구북쪽11km지역
2017-11-165:03:00AM,2,8,36.08,129.34,경북포항시북구북북서쪽5km지역
2017-11-165:54:00AM,2.5,10,36.09,129.34,경북포항시북구북북서쪽6km지역
2017-11-169:02:00AM,3.6,8,36.12,129.37,경북포항시북구북쪽8km지역
2017-11-169:47:00AM,2.1,11,36.12,129.37,경북포항시북구북쪽9km지역
2017-11-1610:37:00AM,2.3,11,36.1,129.35,경북포항시북구북북서쪽6km지역
2017-11-162:04:00PM,2.3,7,36.13,129.37,경북포항시북구북쪽10km지역
2017-11-162:31:00PM,2,10,36.1,129.34,경북포항시북구북북서쪽7km지역
2017-11-164:48:00PM,2.4,12,36.12,129.36,경북포항시북구북쪽8km지역
2017-11-165:31:00PM,2,8,36.11,129.37,경북포항시북구북쪽7km지역
2017-11-165:32:00PM,2.2,8,36.12,129.36,경북포항시북구북쪽9km지역
2017-11-167:05:00PM,2.4,9,36.12,129.36,경북포항시북구북쪽9km지역
2017-11-171:17:00AM,2.1,11,36.08,129.33,경북포항시북구북북서쪽6km지역
2017-11-178:25:00AM,2.1,11,36.12,129.37,경북포항시북구북쪽8km지역
2017-11-176:57:00PM,2.6,12,36.1,129.35,경북포항시북구북북서쪽6km지역
2017-11-191:18:00AM,2,8,36.11,129.34,경북포항시북구북북서쪽8km지역
2017-11-193:33:00AM,2.4,12,36.09,129.35,경북포항시북구북북서쪽6km지역
2017-11-195:07:00AM,2.1,8,36.12,129.38,경북포항시북구북쪽9km지역
2017-11-196:40:00AM,2.2,11,36.09,129.34,경북포항시북구북북서쪽6km지역
2017-11-1911:45:00PM,3.5,9,36.12,129.36,경북포항시북구북쪽9km지역
2017-11-206:05:00AM,3.6,12,36.14,129.36,경북포항시북구북쪽11km지역
2017-11-215:58:00AM,2,13,36.09,129.35,경북포항시북구북쪽6km지역
2017-11-218:57:00AM,2.1,9,36.09,129.34,경북포항시북구북북서쪽5km지역
2017-11-219:53:00AM,2.4,0,36.11,129.33,경북포항시북구북북서쪽8km지역
2017-11-2212:41:00PM,2.5,8,36.1,129.35,경북포항시북구북북서쪽6km지역
2017-11-2210:15:00PM,2,8,36.12,129.35,경북포항시북구북쪽9km지역
2017-11-2311:27:00PM,2.3,14,36.11,129.37,경북포항시북구북쪽8km지역
2017-11-2412:29:00AM,2.6,0,37.23,125.04,인천옹진군연평도남서쪽76km해역
2017-11-241:17:00AM,2.3,8,36.11,129.35,경북포항시북구북쪽7km지역
2017-11-249:27:00PM,2.3,13,34.05,125.57,전남신안군흑산면남쪽68km해역
2017-11-2512:51:00PM,2,8,36.1,129.35,경북포항시북구북쪽7km지역
2017-11-252:10:00PM,2.3,8,36.11,129.35,경북포항시북구북쪽7km지역
2017-11-263:13:00AM,2.9,13,36.69,124.65,충남태안군서격렬비도서쪽79km해역
2017-12-018:03:00AM,2.4,7,36.1,129.35,경북포항시북구북북서쪽7km지역
2017-12-014:23:00PM,2.7,8,33.24,127.32,제주서귀포시성산동남동쪽44km해역
2017-12-027:45:00AM,2.5,0,41.32,129.2,북한함경북도길주북북서쪽43km지역
2017-12-031:13:00AM,2.1,13,36.75,128.82,경북안동시북북동쪽22km지역
2017-12-049:55:00PM,2.5,21,33.42,127.15,제주서귀포시성산동쪽25km해역
2017-12-059:19:00PM,2.1,11,36.02,129.45,경북포항시남구동쪽9km해역
2017-12-0511:40:00PM,2.7,4,41.32,129.13,북한함경북도길주북북서쪽44km지역
2017-12-091:49:00AM,2.2,8,36.1,129.35,경북포항시북구북북서쪽7km지역
2017-12-092:39:00AM,2.3,9,36.1,129.35,경북포항시북구북북서쪽7km지역
2017-12-093:13:00PM,3,16,41.32,129.1,북한함경북도길주북북서쪽45km지역
2017-12-093:40:00PM,2.8,0,41.31,129.11,북한함경북도길주북북서쪽43km지역
2017-12-094:15:00PM,2.3,23,35.61,129.99,울산동구동북동쪽54km해역
2017-12-1210:06:00AM,2.5,0,38.32,126.18,북한황해북도평산서쪽19km지역
2017-12-191:34:00PM,2.1,7,35.77,129.42,경북경주시동남동쪽20km지역
2017-12-207:22:00PM,2.3,18,36.09,125.64,충남태안군서격렬비도남쪽57km해역
2017-12-2112:01:00PM,2,5,36.72,128.01,경북문경시북서쪽21km지역
2017-12-2212:35:00PM,2.2,0,39.31,127.15,북한함경남도고원남남서쪽15km지역
2017-12-254:19:00PM,3.5,10,36.11,129.36,경북포항시북구북쪽8km지역
2017-12-254:32:00PM,2.1,8,36.11,129.36,경북포항시북구북쪽7km지역
2017-12-264:05:00AM,2.2,6,36.14,129.37,경북포항시북구북쪽11km지역
2017-12-277:27:00PM,2.8,8,36.11,129.36,경북포항시북구북쪽7km지역
2017-12-277:42:00PM,2.3,8,36.11,129.36,경북포항시북구북쪽7km지역
2017-12-295:40:00PM,2.1,10,36.11,129.34,경북포항시북구북북서쪽8km지역
2017-12-307:44:00PM,2,17,35.76,129.17,경북경주시남남서쪽9km지역
2018-01-016:35:00PM,2.1,0,38.33,126.16,북한황해북도평산서쪽20km지역
2018-01-017:11:00PM,2,8,36.11,129.36,경북포항시북구북쪽8km지역
2018-01-062:47:00AM,2.2,12,37.71,125.94,북한인천옹진군연평도동북동쪽21km해역
2018-01-094:17:00PM,2.1,20,33.98,127.11,전남여수시거문도서남서쪽19km해역
2018-01-106:42:00PM,2,20,36.26,127.34,대전서구남남서쪽12km지역
2018-01-241:25:00AM,2.4,16,34.32,127.32,전남여수시거문도북쪽32km해역
2018-01-288:07:00PM,3.2,6,40.24,127.3,북한함경남도장진남남동쪽16km지역
2018-02-0212:21:00PM,2.9,9,36.12,129.37,경북포항시북구북쪽9km지역
2018-02-0311:12:00AM,2,6,36.14,129.36,경북포항시북구북쪽11km지역
2018-02-0312:35:00PM,2.6,19,33.77,127.4,전남여수시거문도남남동쪽30km해역
2018-02-043:43:00PM,2.1,7,36.11,129.36,경북포항시북구북쪽8km지역
2018-02-046:50:00PM,2.8,14,36.37,127.62,충북옥천군북북동쪽8km지역
2018-02-0410:20:00PM,2.3,8,36.06,129.31,경북포항시북구서북서쪽5km지역
2018-02-069:18:00AM,2.5,12,36.08,129.33,경북포항시북구북서쪽5km지역
2018-02-067:53:00PM,2.6,0,41.33,129.1,북한함경북도길주북북서쪽46Km지역
2018-02-086:46:00AM,2.7,1,41.32,129.09,북한함경북도길주북북서쪽45km지역
2018-02-089:56:00AM,2.7,9,35.1,124.99,전남신안군흑산면북서쪽67km해역
2018-02-0912:43:00AM,2.5,4,33.92,125.22,전남신안군흑산면남남서쪽85km해역
2018-02-101:32:00AM,2.4,10,36.6,125.76,충남태안군서격렬비도동쪽20km해역
2018-02-115:03:00AM,4.6,14,36.08,129.33,경북포항시북구북서쪽5km지역
2018-02-115:07:00AM,2.5,12,36.08,129.33,경북포항시북구북서쪽5km지역
2018-02-115:12:00AM,2.2,11,36.07,129.34,경북포항시북구북서쪽4km지역
2018-02-115:14:00AM,2.2,10,36.08,129.33,경북포항시북구북서쪽5km지역
2018-02-115:18:00AM,2.1,8,36.07,129.32,경북포항시북구북서쪽5km지역
2018-02-115:38:00AM,2.1,10,36.09,129.32,경북포항시북구북서쪽7km지역
2018-02-118:11:00AM,2.1,13,36.08,129.34,경북포항시북구북북서쪽5km지역
2018-02-1112:14:00PM,2.1,9,36.08,129.32,경북포항시북구북서쪽6km지역
2018-02-1112:49:00PM,2.4,16,36.08,129.33,경북포항시북구북서쪽5km지역
2018-02-136:30:00AM,2.6,9,36.07,129.33,경북포항시북구북서쪽5km지역
2018-02-1310:32:00AM,2.5,10,36.12,129.37,경북포항시북구북쪽9km지역
2018-02-142:14:00AM,2.3,8,37.8,125.38,북한황해남도옹진남쪽14km해역
2018-02-176:35:00PM,2,12,36.11,129.37,경북포항시북구북쪽8km지역
2018-02-179:31:00PM,2.6,8,36.09,129.33,경북포항시북구북북서쪽6km지역
2018-02-1711:38:00PM,2.2,10,36.1,129.35,경북포항시북구북북서쪽6km지역
2018-02-183:34:00AM,2.4,9,36.07,129.33,경북포항시북구북서쪽4km지역
2018-02-262:23:00AM,2.4,16,33.97,126.87,전남완도군남남동쪽39km해역
2018-02-2611:06:00AM,2.5,6,34.52,125.32,전남신안군흑산면남서쪽20km해역
2018-02-271:14:00PM,2.4,13,37.09,124.87,충남태안군서격렬비도북서쪽80km해역
2018-03-0412:52:00AM,2.6,9,38.13,130.33,경북울릉군북서쪽88km해역
2018-03-0811:16:00PM,2,15,35.3,127.33,전남곡성군동북동쪽4km지역
2018-03-0811:38:00PM,2,17,35.31,127.32,전남곡성군북동쪽4km지역
2018-03-096:05:00PM,2.2,7,36.95,126.45,충남서산시북쪽18km지역
2018-03-101:31:00AM,2.8,6,36.14,129.37,경북포항시북구북쪽11km지역
2018-03-1612:23:00AM,2,6,36.98,128.42,충북단양군동남동쪽5km지역
2018-03-166:02:00PM,2.7,12,36.1,129.35,경북포항시북구북북서쪽7km지역
2018-03-269:40:00AM,2.7,0,37.78,124.84,인천백령도남동쪽24km해역
2018-03-3112:20:00AM,2,8,36.1,129.36,경북포항시북구북쪽7km지역
2018-04-069:09:00PM,2.6,24,36.08,129.82,경북포항시북구동쪽41km해역
2018-04-0912:15:00PM,2.4,16,35.76,129.19,경북경주시남남서쪽8km지역
2018-04-234:31:00AM,2.3,0,41.35,129.12,북한함경북도길주북북서쪽47km지역
2018-04-231:10:00PM,2.4,17,33.21,126.4,제주서귀포시서남서쪽16km해역
2018-04-245:20:00AM,2.5,10,37.06,125.92,인천옹진군덕적도남서쪽27km해역
2018-05-017:09:00PM,2,15,35.77,129.2,경북경주시남쪽8km지역
2018-05-0212:34:00PM,2.5,11,36.56,127.63,충북보은군북서쪽11km지역
2018-05-047:20:00PM,2,12,36.1,127.7,충북영동군남서쪽11km지역
2018-05-071:52:00AM,2,16,36.72,128.37,경북예천군북서쪽10km지역
2018-05-142:07:00AM,2.5,16,33.62,125.58,제주제주시고산서북서쪽65km해역
2018-05-201:58:00PM,2,10,34.16,125.61,전남신안군흑산면남남동쪽56km해역
2018-05-2212:12:00AM,2.2,18,36.37,129.49,경북영덕군동남동쪽12km해역
2018-05-3112:13:00AM,2.6,17,36.22,129.38,경북포항시북구북쪽20km지역
2018-05-314:38:00PM,2.8,8,38.53,127.68,북한강원회양남남동쪽19km지역
2018-06-095:38:00PM,2.3,18,35.87,129.73,경북포항시남구동남동쪽37km해역
2018-06-1511:10:00AM,2.1,14,36.39,128.49,경북의성군서북서쪽19km지역
2018-06-169:05:00PM,2.3,3,37.19,129.08,강원삼척시남남서쪽30km지역
2018-06-2011:06:00PM,2.1,14,34.9,124.81,전남신안군흑산면서북서쪽66km해역
2018-06-286:43:00PM,2.7,9,38.18,127.34,강원철원군북북동쪽4km지역
2018-06-289:03:00PM,2.2,0,36.99,125.25,충남태안군서격렬비도북북서쪽50km해역
2018-07-013:33:00PM,2.2,18,37.63,129.48,강원삼척시북동쪽34km해역
2018-07-044:39:00AM,2.1,10,37.3,127.7,경기여주시동쪽6km지역
2018-07-178:19:00PM,2.7,4,35.91,127.81,전북무주군남동쪽17km지역
2018-07-195:52:00AM,2.5,23,35.83,129.8,경북포항시남구동남동쪽44km해역
2018-07-2012:14:00PM,2.4,20,36.01,126.16,전북군산시어청도남동쪽21km해역
2018-07-2012:29:00PM,2.3,21,35.84,129.79,경북포항시남구동남동쪽43km해역
2018-07-2111:30:00PM,2.2,13,34.47,127.25,전남고흥군남남서쪽16km해역
2018-07-221:59:00PM,2.9,13,33.41,125.91,제주제주시서쪽58km해역
2018-08-0912:21:00AM,2.1,0,37.03,125.3,충남태안군서격렬비도북북서쪽51km해역
2018-08-0912:23:00AM,2.1,0,37.03,125.27,충남태안군서격렬비도북북서쪽53km해역
2018-08-109:41:00PM,2.4,1,33.21,127.53,제주서귀포시동쪽90km해역
2018-08-153:02:00AM,2.5,26,37.27,130.63,경북울릉군울릉도남서쪽34km해역
2018-08-242:57:00AM,2.6,12,37.92,125.68,북한황해남도해주남남서쪽14km지역
2018-08-249:28:00PM,2.1,18,34.33,127.42,전남고흥군남남동쪽34km해역
2018-08-295:01:00AM,2.5,11,37,129.32,경북울진군서쪽7km지역
2018-09-149:08:00AM,2.2,14,36.78,128.36,경북문경시북동쪽26km지역
2018-09-159:45:00PM,2.4,0,37.07,129.91,경북울진군동쪽46km해역
2018-09-1710:52:00AM,2.4,12,36.05,129.69,경북포항시북구동쪽29km해역
2018-09-245:38:00PM,2.8,0,40.2,127.7,북한함경남도신흥북동쪽30km지역
2018-09-254:05:00AM,2.5,16,33.46,125.8,제주제주시서쪽68km해역
2018-09-2712:24:00PM,2.4,0,38.74,125.7,북한황해북도송림동쪽6km지역
2018-10-124:43:00PM,2.3,13,38.67,127.18,북한강원평강북북서쪽30km지역
2018-10-142:46:00PM,2.4,0,37.49,124.58,인천옹진군백령도남쪽52km해역
2018-10-173:14:00AM,2,14,36.16,127.3,충남논산시동쪽18km지역
2018-10-201:22:00AM,2.6,0,37.26,129.96,경북울진군동북동쪽58km해역
2018-10-2212:09:00PM,2.1,11,35.61,124.94,전북군산시어청도서남서쪽109km해역
2018-10-243:14:00PM,2.2,7,38.04,125.37,북한황해남도옹진북쪽12km지역
2018-10-255:53:00AM,2.3,16,35.76,129.19,경북경주시남남서쪽9km지역
2018-11-045:04:00PM,2.5,15,36.08,128.25,경북김천시동남동쪽14km지역
2018-11-0512:01:00PM,3.2,2,37.8,124.9,인천옹진군백령도남동쪽26km해역
2018-11-0512:07:00PM,3.1,15,37.85,124.87,인천옹진군백령도남동쪽20km해역
2018-11-193:34:00AM,2.1,19,36.42,127.3,대전유성구북서쪽8km지역
2018-11-202:10:00PM,2.3,17,33.52,127.29,전남여수시거문도남쪽57km해역
2018-11-226:36:00PM,2.2,19,35.91,129.71,경북포항시남구동남동쪽33km해역
2018-11-248:16:00AM,2.9,10,38.7,127.16,북한강원평강북북서쪽34km지역
2018-11-252:58:00AM,2.2,0,38.73,125.92,북한황해북도송림동쪽25km지역
2018-11-2511:27:00PM,2.1,12,33.15,126.09,제주서귀포시서남서쪽45km해역
2018-11-293:05:00AM,3.3,13,34.94,124.53,전남신안군흑산도서북서쪽92km해역
2018-11-292:52:00PM,2.1,17,37.32,129.69,경북울진군북동쪽44km해역
2018-12-058:01:00AM,2.1,17,36.45,129.62,경북영덕군동쪽23km해역
2018-12-058:28:00AM,2.5,17,36.45,129.62,경북영덕군동쪽23km해역
2018-12-084:16:00AM,2.4,17,36.31,128.25,경북구미시북북서쪽23km지역
2018-12-092:06:00PM,2.2,19,35.86,129.69,경북포항시남구동남동쪽34km해역
2018-12-123:43:00AM,2.1,12,35.72,126.78,전북부안군동남동쪽4km지역
2018-12-172:16:00AM,2.2,20,36.53,129.65,경북영덕군동북동쪽28km해역
2018-12-201:23:00PM,2,21,35.88,129.69,경북포항시남구동남동쪽33km해역
2018-12-214:06:00PM,2.7,12,35.76,127.95,경남거창군북북동쪽9km지역
2018-12-273:10:00AM,2,5,36.99,128.89,경북봉화군북동쪽18km지역
2019-01-016:49:00AM,3.1,19,36.53,129.66,경북영덕군동북동쪽29km해역
2019-01-027:20:00AM,2.8,12,41.3,129.21,북한함경북도길주북북서쪽40km지역
2019-01-021:12:00PM,2.2,5,36.77,128.31,경북문경시북북동쪽23km지역
2019-01-093:10:00AM,3.7,18,37.37,124.23,인천옹진군백령도남남서쪽76km해역
2019-01-105:31:00AM,2.5,17,35.79,129.2,경북경주시남남서쪽5km지역
2019-01-139:09:00PM,2,17,37.02,127.93,충북충주시북쪽3km지역
2019-01-179:34:00PM,2.7,17,33.94,127.62,전남여수시거문도동남동쪽30km해역
2019-01-317:57:00PM,2.2,19,36.53,129.66,경북영덕군동북동쪽29km해역
2019-02-1012:53:00PM,4.1,21,36.16,129.9,경북포항시북구동북동쪽50km해역
2019-02-102:12:00PM,2.5,21,36.16,129.85,경북포항시북구동북동쪽45km해역
2019-02-135:16:00AM,2.7,21,38.9,125.86,북한평양남동쪽17km지역
2019-02-1710:19:00PM,2.6,12,33.29,126.25,제주서귀포시서쪽29km지역
2019-02-185:33:00AM,2.4,19,36.72,128.41,경북예천군북북서쪽8km지역
2019-02-2010:14:00PM,2.9,14,36.51,125.5,충남태안군서격렬비도남남서쪽12km해역
2019-02-259:30:00AM,2.9,10,36.77,129.03,경북영양군북북서쪽14km지역
2019-02-279:22:00PM,2.2,12,37.31,124.74,인천옹진군백령도남쪽72km해역
2019-03-032:25:00PM,2.5,2,39.63,127.12,북한함경남도금야북서쪽15km지역
2019-03-093:06:00PM,2,12,36.82,128.73,경북봉화군남쪽8km지역
2019-03-114:27:00AM,2.4,15,33.47,126.4,제주제주시서남서쪽13km지역
2019-03-1312:20:00PM,2.4,13,33.63,126.93,제주제주시동북동쪽40km해역
2019-03-177:28:00PM,2.3,13,36.34,127.87,충북옥천군동쪽27km지역
2019-03-195:31:00AM,2.2,11,38.01,126,북한황해남도해주동쪽25km지역
2019-03-214:41:00AM,2.8,11,41.32,129.09,북한함경북도길주북북서쪽45km지역
2019-03-217:13:00AM,2.7,6,37.56,125.2,북한황해남도옹진남남서쪽43km해역
2019-03-284:21:00PM,2.2,16,33.62,126.94,제주제주시동북동쪽40km해역
2019-04-1911:16:00AM,4.3,32,37.88,129.54,강원동해시북동쪽54km해역
2019-04-225:45:00AM,3.8,21,36.86,129.8,경북울진군동남동쪽38km해역
2019-04-271:10:00AM,2.5,17,33.79,126.09,제주제주시북서쪽52km해역
2019-05-045:43:00AM,2.4,6,37.42,124.56,인천옹진군백령도남쪽60km해역
2019-05-054:57:00PM,2.1,18,36.55,129.54,경북영덕군북동쪽22km해역
2019-05-104:05:00PM,2,12,36.56,129.64,경북영덕군동북동쪽29km해역
2019-05-1311:50:00PM,2.4,17,33.35,127.17,제주서귀포시동쪽58km해역
2019-05-1612:35:00AM,3.3,5,39.15,126.47,북한평안남도양덕서남서쪽16km지역
2019-05-1711:08:00AM,2.4,6,38.37,126.3,북한황해북도평산서북서쪽9km지역
2019-06-1111:18:00PM,2.5,19,35.76,129.19,경북경주시남남서쪽9km지역
2019-06-1510:07:00PM,2.2,21,35.71,126.36,전북부안군서쪽34km해역
2019-06-211:20:00PM,2.5,7,38.81,125.68,북한황해북도송림북북동쪽9km지역
2019-06-225:43:00AM,2.7,2,38.81,125.71,북한황해북도송림북동쪽10km지역
2019-06-225:49:00AM,3.4,3,38.81,125.7,북한황해북도송림북동쪽10km지역
2019-06-235:26:00AM,3.4,3,38.81,125.7,북한황해북도송림북동쪽10km지역
2019-06-231:15:00PM,2.4,6,38.75,125.73,북한황해북도송림동쪽8km지역
2019-06-236:41:00PM,2.4,16,36.69,128.41,경북예천군북서쪽5km지역
2019-06-273:19:00PM,3.9,2,38.8,125.69,북한황해북도송림북동쪽9km지역
2019-06-273:37:00PM,2.5,3,38.77,125.7,북한황해북도송림북동쪽7km지역
2019-06-273:39:00PM,2.1,2,38.75,125.71,북한황해북도송림동북동쪽7km지역
2019-07-028:51:00PM,2.7,21,35.88,129.69,경북포항시남구동남동쪽33km해역
2019-07-082:04:00PM,2.2,20,37.89,129.55,강원동해시북동쪽56km해역
2019-07-101:55:00AM,2.1,6,38.7,125.73,북한황해북도송림동남동쪽9km지역
2019-07-2012:38:00AM,2,15,36.33,128.08,경북상주시남서쪽11km지역
2019-07-2111:04:00AM,3.9,14,36.5,128.1,경북상주시북북서쪽11km지역
2019-07-221:15:00AM,2,13,35.82,125.56,전북군산시어청도남서쪽50km해역
2019-07-251:46:00AM,2.8,13,37.35,129.84,경북울진군북동쪽56km해역
2019-07-305:45:00AM,2.1,6,35,128.3,경남고성군북서쪽4km지역
2019-08-097:30:00PM,2.2,2,39.31,124.71,북한평안북도철산남쪽51km해역
2019-08-1010:45:00PM,2.3,18,33.78,126.92,전남여수시거문도남서쪽45km해역
2019-08-116:19:00PM,2.1,10,37.97,124.63,인천옹진군백령도서북서쪽5km지역
2019-08-2010:34:00AM,2.8,22,33.57,124.81,전남신안군흑산도남남서쪽135km해역
2019-08-237:50:00PM,2.7,7,37.96,124.69,인천옹진군백령도북동쪽1km지역
2019-08-282:22:00PM,2.5,26,36.24,130.01,경북영덕군동남동쪽61km해역
2019-09-0112:58:00PM,2.3,16,39.51,126.1,북한평안남도개천남동쪽27km지역
2019-09-0711:38:00PM,2,14,35.48,129.54,울산동구동남동쪽12km해역
2019-09-114:52:00AM,2,9,38.13,127.09,경기연천군북북동쪽4km지역
2019-09-196:19:00PM,2.6,6,33.65,124.99,전남신안군흑산도남남서쪽120km해역
2019-09-213:11:00PM,3.5,17,38.67,127.17,북한강원평강북북서쪽31km지역
2019-09-2211:07:00AM,3.3,17,34.16,125.16,전남신안군흑산도남남서쪽62km해역
2019-09-262:57:00AM,2.3,8,36.09,129.33,경북포항시북구북북서쪽6km지역
2019-10-0210:36:00PM,2.3,11,38.79,125.78,북한황해북도송림동북동쪽14km지역
2019-10-043:57:00AM,2.6,9,35.47,128.86,경남밀양시동남동쪽11km지역
2019-10-128:46:00PM,2.5,17,35.18,129.77,울산동구남동쪽48km해역
2019-10-137:52:00PM,2,20,36.53,129.65,경북영덕군동북동쪽28km해역
2019-10-1510:30:00PM,2.3,3,38.77,125.71,북한황해북도송림동북동쪽8km지역
2019-10-2012:05:00AM,2.2,10,33.41,125.13,제주제주시서쪽130km해역
2019-10-273:37:00PM,3.4,11,35.41,128.49,경남창녕군남쪽15km지역
2019-10-302:01:00AM,2.3,5,36.68,128.61,경북안동시북서쪽16km지역
2019-10-314:29:00PM,2.1,3,37.24,126.11,인천옹진군서남서쪽52km지역
2019-11-0911:14:00PM,2.4,9,37.62,124.65,인천옹진군백령도남쪽37km해역
2019-11-216:08:00AM,2.3,6,35.13,124.93,전남신안군흑산도북서쪽73km해역
2019-11-217:55:00PM,2.4,12,33.83,128.09,전남여수시거문도동남동쪽75km해역
2019-11-2912:04:00PM,2,21,36.86,129.79,경북울진군동남동쪽38km해역
2019-12-045:19:00PM,2.6,9,33.94,124.7,전남신안군흑산도남서쪽106km해역
2019-12-0812:09:00PM,2,0,35.12,124.96,전남신안군흑산도북서쪽70km해역
2019-12-128:29:00PM,2.1,21,33.55,126.92,제주제주시동쪽36km해역
2019-12-152:15:00PM,2,11,37.16,126.22,충남서산시북북서쪽46km해역
2019-12-174:00:00PM,2.1,11,38.01,126,북한황해남도해주동쪽25km지역
2019-12-246:19:00AM,2.4,18,33.29,127.16,제주서귀포시동쪽56km해역
2019-12-298:43:00AM,2.3,17,33.33,127.16,제주서귀포시동쪽56km해역
2019-12-3012:32:00AM,3.5,20,35.56,128.9,경남밀양시동북동쪽15km지역
2019-12-301:44:00AM,2.1,19,35.56,128.9,경남밀양시동북동쪽15km지역
2020-01-086:03:00AM,2,17,35.91,128.38,경북성주군동쪽9km지역
2020-01-1510:46:00PM,2.1,8,37.11,128.29,충북제천시동남동쪽9km지역
2020-01-299:33:00AM,2.5,1,41.29,129.11,북한함경북도길주북북서쪽41km지역
2020-01-3012:52:00AM,3.2,21,36.59,128.12,경북상주시북쪽20km지역
2020-02-092:41:00PM,2.4,9,35.77,129.03,경북경주시서남서쪽18km지역
2020-02-168:03:00PM,2.7,19,36.26,130.49,경북영덕군동쪽102km해역
2020-02-2910:02:00PM,2.7,8,38.46,126.17,북한황해북도평산북서쪽24km지역
2020-02-2910:03:00PM,2.4,8,38.45,126.17,북한황해북도평산북서쪽24km지역
2020-03-101:16:00AM,2,12,35.44,125.54,전북군산시어청도남남서쪽85km해역
2020-03-204:02:00PM,2.7,9,35.39,128.01,경남산청군동남동쪽13km지역
2020-04-037:44:00PM,2.2,0,38.75,125.72,북한황해북도송림동북동쪽8km지역
2020-04-187:36:00AM,2.3,14,37.58,126.14,인천강화군서남서쪽36km해역
2020-04-228:54:00PM,2.1,9,38.11,130.01,강원동해시북동쪽102km해역
2020-04-242:07:00AM,2.3,15,35.3,125.54,전남신안군흑산도북쪽73km해역
2020-04-2711:07:00AM,2.8,6,35.8,127.53,전북장수군북쪽17km지역
2020-04-2812:06:00PM,2.4,10,36.16,127.43,충남금산군북서쪽8km지역
2020-04-2812:52:00PM,2.1,22,34.66,126.41,전남해남군서북서쪽20km지역
2020-04-293:10:00PM,2.4,3,39.39,126.13,북한평안남도성천북북서쪽18km지역
2020-04-307:13:00AM,2.4,21,34.66,126.4,전남해남군서북서쪽21km지역
2020-05-022:57:00AM,2.3,21,34.66,126.4,전남해남군서북서쪽21km지역
2020-05-0310:07:00PM,3.1,21,34.66,126.4,전남해남군서북서쪽21km지역
2020-05-056:44:00AM,2.4,0,38.47,126.16,북한황해북도평산북서쪽26km지역
2020-05-072:07:00AM,2.1,17,34.77,124.68,전남신안군흑산도서쪽73km해역
2020-05-091:57:00AM,2.2,21,34.66,126.4,전남해남군서북서쪽21km지역
2020-05-0912:27:00PM,2.2,8,38.87,126.22,북한평안남도성천남쪽41km지역
2020-05-117:45:00PM,3.8,16,38.68,127.18,북한강원평강북북서쪽32km지역
2020-05-133:19:00PM,2.8,12,36.1,127.34,전북완주군북동쪽27km지역
2020-05-229:18:00PM,2.1,11,37.67,125,북한황해남도옹진남서쪽43km해역
2020-05-277:23:00PM,2.8,6,36.01,128.01,경북김천시남남서쪽17km지역
2020-06-042:21:00AM,2.5,6,38.75,125.69,북한황해북도송림동북동쪽5km지역
2020-06-0812:52:00AM,2.1,5,36.01,128.01,경북김천시남남서쪽17km지역
2020-06-219:49:00AM,2.3,9,38.47,128.52,강원고성군북북동쪽11km해역
2020-06-237:58:00PM,2.1,6,37.86,126.9,경기파주시북동쪽15km지역
2020-06-243:28:00AM,2.5,0,38.66,125.95,북한황해북도사리원북동쪽24km지역
2020-07-031:59:00PM,2.3,6,37.18,128.71,강원영월군동쪽22km지역
2020-07-072:08:00PM,3.3,12,37.19,125.55,인천옹진군연평도남남서쪽54km해역
2020-07-1110:38:00PM,2.7,0,37.88,129.58,강원동해시북동쪽57km해역
2020-07-153:20:00PM,2.4,0,34.88,124.68,전남신안군흑산도서북서쪽77km해역
2020-07-207:02:00PM,2,11,34.53,128.14,경남남해군남남동쪽41km해역
2020-07-2512:34:00AM,2.2,7,34.06,125.54,전남신안군흑산도남쪽66km해역
2020-08-012:58:00AM,2,17,38.65,127.16,북한강원평강북북서쪽29km지역
2020-08-011:15:00PM,2,19,36.77,128.48,경북예천군북쪽13km지역
2020-08-051:22:00AM,2,7,38.85,125.71,북한황해북도송림북북동쪽14km지역
2020-08-079:27:00PM,2.4,1,41.3,129.09,북한함경북도길주북북서쪽43km지역
2020-08-213:52:00AM,2.5,14,37.91,125.93,북한황해남도해주남동쪽24km지역
2020-09-027:43:00PM,2.3,4,34.38,126.2,전남진도군남남서쪽13km지역
2020-09-121:31:00PM,2.4,15,36.03,128.4,경북칠곡군북쪽4km지역
2020-09-1312:54:00AM,2.9,15,37.64,124.6,인천옹진군백령도남남서쪽35km해역
2020-09-201:22:00AM,2.2,17,36.51,127.14,충남공주시북북동쪽7km지역
2020-09-228:08:00PM,2.1,15,36.6,129.37,경북영덕군북쪽21km지역
2020-10-029:31:00PM,2.5,0,38.74,125.89,북한황해북도송림동쪽22km지역
2020-10-0210:29:00PM,2.6,0,38.74,125.9,북한황해북도송림동쪽23km지역
2020-10-031:37:00AM,2.3,0,38.83,126.03,북한황해북도연산서남서쪽20km지역
2020-10-074:05:00AM,2.1,22,33.92,127.44,전남여수시거문도남동쪽16km해역
2020-10-094:38:00AM,2.1,15,35.75,129.17,경북경주시남남서쪽13km지역
2020-10-243:09:00PM,2.1,21,33.93,127.45,전남여수시거문도남동쪽16km해역
2020-10-257:10:00PM,2.5,17,33.89,125.65,전남진도군남서쪽87km해역
2020-11-044:41:00AM,2.8,2,38.79,125.72,북한황해북도송림북동쪽10km지역
2020-11-047:23:00AM,2.2,23,35.83,129.78,경북포항시남구동남동쪽43km해역
2020-11-044:50:00PM,2.4,22,35.84,129.79,경북포항시남구동남동쪽43km해역
2020-11-066:27:00PM,2,8,36.43,128.14,경북상주시북서쪽3km지역
2020-11-083:26:00PM,2.9,9,36.41,128.22,경북상주시동쪽5km지역
2020-11-1512:00:00AM,2.1,17,35.76,129.18,경북경주시남남서쪽11km지역
2020-11-173:10:00AM,2.6,4,41.28,129.18,북한함경북도길주북북서쪽38km지역
2020-11-1911:17:00PM,3.1,15,37.99,125.37,북한황해남도옹진북쪽7km지역
2020-12-155:15:00PM,2.3,16,37.7,125.17,북한황해남도옹진남남서쪽31km해역
2020-12-185:17:00PM,2.7,16,37.66,129.32,강원동해시북동쪽24km해역
2020-12-239:28:00PM,2.2,12,37.73,126.73,경기파주시남서쪽6km지역
2021-01-148:17:00AM,2.1,0,36.86,125.43,충남태안군서격렬비도북북서쪽30km해역
2021-01-246:23:00AM,2.1,11,35.84,125.14,전북군산시어청도서남서쪽81km해역
2021-02-0312:17:00PM,2.2,8,37.32,126.24,인천옹진군서남서쪽38km해역
2021-02-064:40:00AM,2.7,5,35.81,127.53,전북장수군북쪽18km지역
2021-02-083:37:00AM,3.2,24,40.67,127.45,북한함경남도장진북북동쪽37km지역
2021-02-087:46:00AM,2.3,24,40.64,127.62,북한함경남도장진북동쪽43km지역
2021-02-107:28:00PM,2.1,9,37.32,126.24,인천옹진군서남서쪽38km해역
2021-02-156:59:00PM,2.5,14,35.99,126.84,전북군산시동북동쪽10km지역
2021-02-219:03:00AM,2.2,18,35.47,126.34,전남영광군북서쪽27km해역
2021-03-162:51:00AM,2.6,18,35.76,129.19,경북경주시남남서쪽11km지역
2021-04-139:56:00PM,2,13,36.02,126.91,전북익산시북북서쪽9km지역
2021-04-161:43:00AM,2.2,11,37.29,127.71,경기여주시동쪽7km지역
2021-04-192:20:00PM,3.7,15,35.07,125.08,전남신안군흑산도북서쪽54km해역
2021-04-193:48:00PM,2.7,20,41.28,129.13,북한함경북도길주북북서쪽40km지역
2021-04-202:13:00AM,2.6,15,35.08,125.05,전남신안군흑산도북서쪽57km해역
2021-04-232:41:00AM,2.2,6,40.49,127.51,북한함경남도장진동북동쪽26km지역
2021-04-255:07:00PM,2.3,5,37.48,124.36,인천옹진군백령도남남서쪽60km해역
2021-04-2812:00:00PM,2.5,20,35.65,129.79,울산동구동북동쪽37km해역
2021-04-295:12:00AM,2,18,35.65,129.83,울산동구동북동쪽41km해역
2021-04-304:15:00PM,2.1,7,35.52,128.88,경남밀양시동쪽12km지역
2021-05-136:04:00AM,2,10,35.89,127.33,전북완주군동쪽15km지역
2021-05-266:13:00AM,2.2,0,35.83,124.56,충남태안군서격렬비도남서쪽124km해역
2021-05-3011:53:00PM,2.4,9,38.73,126.06,북한황해북도연산남서쪽23km지역
2021-06-076:34:00PM,2.1,13,33.68,128.07,전남여수시거문도동남동쪽80km해역
2021-06-136:13:00AM,2,26,36.97,130.34,경북울릉군울릉도남서쪽76km해역
2021-06-1311:57:00PM,2.5,15,41.29,129.13,북한함경북도길주북북서쪽41km지역
2021-06-1410:42:00PM,2.4,20,35.81,129.77,경북포항시남구동남동쪽43km해역
2021-07-076:57:00AM,2.3,20,36.77,128.46,경북예천군북쪽14km지역
2021-07-266:50:00AM,2.2,14,36.32,128.21,경북상주시남남동쪽11km지역
2021-07-315:17:00AM,2.5,22,35.65,128.4,대구달성군남남서쪽14km지역
2021-08-012:19:00PM,2.2,13,35.65,129.53,울산북구동북동쪽17km해역
2021-08-159:32:00AM,2,18,35.1,129.78,부산기장군동남동쪽53km해역
2021-08-184:57:00PM,2.1,0,35.1,129.84,부산기장군동남동쪽58km해역
2021-08-2010:26:00PM,2.1,5,38.37,127.99,북한강원회양남동쪽50km지역
2021-08-219:40:00AM,4,7,35.7,124.7,전북군산시어청도서남서쪽124km해역
2021-08-263:58:00PM,2.3,17,35.07,125.12,전남신안군흑산도북북서쪽52km해역
2021-08-287:03:00AM,2.2,15,35,127.73,전남광양시북북동쪽7km지역
2021-08-291:03:00PM,2.2,9,35.31,128.49,경남함안군동북동쪽9km지역
2021-08-296:47:00PM,2.6,15,36.98,125.02,충남태안군서격렬비도북서쪽62km해역
2021-09-016:39:00PM,2.4,15,41.3,129.13,북한함경북도길주북북서쪽42km지역
2021-09-113:47:00AM,2.1,8,41.29,129.15,북한함경북도길주북북서쪽40km지역
2021-09-122:04:00AM,2.1,13,35.53,128.53,경남창녕군동남동쪽4km지역
2021-09-143:36:00AM,2.2,16,35.41,128.78,경남밀양시남남동쪽11km지역
2021-09-175:30:00AM,2.2,8,36.71,126.12,충남태안군서남서쪽16km지역
2021-09-206:58:00AM,2.2,8,34.88,127.25,전남보성군북동쪽20km지역
2021-09-2312:02:00PM,2.6,16,35.42,128.49,경남창녕군남쪽14km지역
2021-10-069:55:00PM,2.5,13,35.25,127.86,경남하동군북북동쪽23km지역
2021-10-1711:13:00PM,2.4,33,41.26,129.45,북한함경북도길주북북동쪽36km지역
2021-10-196:41:00AM,2.6,0,40.37,127.28,북한함경남도장진동남동쪽4km지역
2021-10-196:45:00AM,2.8,0,40.41,127.27,북한함경남도장진북동쪽4km지역
2021-10-1910:13:00PM,2.2,22,35.9,129.75,경북포항시남구동남동쪽37km해역
2021-10-226:51:00AM,2.4,14,36.9,128.22,충북제천시남쪽26km지역
2021-11-121:31:00AM,2.1,8,36.15,129.38,경북포항시북구북쪽12km지역
2021-11-1611:57:00AM,2.1,18,35.06,125.06,전남신안군흑산도북서쪽54km해역
2021-11-168:53:00PM,2.1,8,34.5,125.9,전남진도군서쪽33km해역
2021-11-171:39:00AM,2.9,19,35.66,129.75,울산동구동북동쪽35km해역
2021-11-192:35:00AM,2.2,11,33.85,124.77,전남신안군흑산도남남서쪽109km해역
2021-11-225:19:00AM,2.1,7,35.48,127.11,전북순창군북북서쪽12km지역
2021-12-0412:33:00PM,2.3,20,38.02,124.52,인천옹진군백령도서북서쪽16km해역
2021-12-0910:57:00AM,2.6,17,33.85,125.51,전남신안군흑산도남쪽91km해역
2021-12-145:19:00PM,4.9,17,33.09,126.16,제주서귀포시서남서쪽41km해역
2021-12-153:06:00PM,2.8,14,33.14,126.15,제주서귀포시서남서쪽40km해역
2021-12-1510:02:00PM,2.3,10,35.79,127.8,경남거창군북서쪽15km지역
2021-12-176:22:00AM,3.2,18,33.12,126.18,제주서귀포시서남서쪽38km해역
